country_name,item_name,day1,dpr1,day2,dpr2,value,unit
서울,쌀/일반계,당일,"51,600",1일전,"51,600",0.0,20kg
서울,찹쌀/일반계,당일,"4,504",1일전,"4,504",0.0,1kg
서울,콩/흰 콩(국산),당일,"6,351",1일전,"6,351",0.0,500g
서울,팥/붉은 팥(국산),당일,"9,270",1일전,"9,270",0.0,500g
서울,녹두/국산,당일,"14,050",1일전,"14,050",0.0,500g
서울,고구마/밤,당일,"5,776",1일전,"5,550",4.1,1kg
서울,감자/수미,당일,508,1일전,508,0.0,100g
서울,배추/월동,당일,"4,360",1일전,"4,360",0.0,1포기
서울,양배추/양배추,당일,"4,245",1일전,"4,245",0.0,1포기
서울,시금치/시금치,당일,"6,533",1일전,"6,533",0.0,1kg
서울,상추/적,당일,876,1일전,876,0.0,100g
서울,상추/청,당일,955,1일전,955,0.0,100g
서울,얼갈이배추/얼갈이배추,당일,"2,876",1일전,"2,934",2.0,1kg
서울,수박/수박,당일,"29,350",1일전,"30,350",3.3,1개
서울,참외/참외,당일,"29,455",1일전,"29,455",0.0,10개
서울,오이/가시계통,당일,"16,630",1일전,"16,630",0.0,10개
서울,오이/다다기계통,당일,"8,979",1일전,"9,036",0.6,10개
서울,오이/취청,당일,"14,557",1일전,"14,457",0.7,10개
서울,호박/애호박,당일,"1,830",1일전,"1,830",0.0,1개
서울,호박/쥬키니,당일,"2,113",1일전,"2,113",0.0,1개
서울,토마토/토마토,당일,"6,361",1일전,"6,361",0.0,1kg
서울,딸기/딸기,당일,"1,108",1일전,"1,142",3.0,100g
서울,무/월동,당일,"1,668",1일전,"1,668",0.0,1개
서울,당근/무세척,당일,"2,889",1일전,"2,889",0.0,1kg
서울,열무/열무,당일,"3,901",1일전,"3,866",0.9,1kg
서울,건고추/양건,당일,"18,650",1일전,"18,650",0.0,600g
서울,풋고추/풋고추,당일,"1,926",1일전,"1,926",0.0,100g
서울,풋고추/꽈리고추,당일,"1,424",1일전,"1,413",0.8,100g
서울,풋고추/청양고추,당일,923,1일전,923,0.0,100g
서울,붉은고추/붉은고추,당일,"2,371",1일전,"2,360",0.5,100g
서울,깐마늘(국산)/깐마늘(국산),당일,"13,186",1일전,"13,186",0.0,1kg
서울,양파/양파,당일,"1,863",1일전,"1,863",0.0,1kg
서울,파/대파,당일,"2,976",1일전,"2,976",0.0,1kg
서울,파/쪽파,당일,"5,858",1일전,"5,835",0.4,1kg
서울,생강/국산,당일,"8,082",1일전,"8,082",0.0,1kg
서울,고춧가루/국산,당일,"31,423",1일전,"31,423",0.0,1kg
서울,고춧가루/중국,당일,"12,000",1일전,"12,000",0.0,1kg
서울,미나리/미나리,당일,880,1일전,880,0.0,100g
서울,깻잎/깻잎,당일,"2,456",1일전,"2,456",0.0,100g
서울,피망/청,당일,"1,327",1일전,"1,327",0.0,100g
서울,파프리카/파프리카,당일,"1,623",1일전,"1,623",0.0,200g
서울,멜론/멜론,당일,"12,718",1일전,"12,718",0.0,1개
서울,방울토마토/방울토마토,당일,"10,580",1일전,"10,933",3.2,1kg
서울,방울토마토/대추방울토마토,당일,"8,719",1일전,"8,719",0.0,1kg
서울,참깨/백색(국산),당일,"17,533",1일전,"17,533",0.0,500g
서울,땅콩/국산,당일,"2,777",1일전,"2,777",0.0,100g
서울,느타리버섯/느타리버섯,당일,"1,510",1일전,"1,510",0.0,100g
서울,느타리버섯/애느타리버섯,당일,567,1일전,567,0.0,100g
서울,팽이버섯/팽이버섯,당일,583,1일전,583,0.0,150g
서울,새송이버섯/새송이버섯,당일,604,1일전,604,0.0,100g
서울,사과/후지,당일,"30,343",1일전,"30,343",0.0,10개
서울,배/신고,당일,"31,590",1일전,"33,050",4.4,10개
서울,포도/레드글로브 페루,당일,"7,490",1일전,"7,490",0.0,1kg
서울,바나나/수입,당일,317,1일전,317,0.0,100g
서울,참다래/국산,당일,"9,160",1일전,"9,175",0.2,10개
서울,파인애플/수입,당일,"5,993",1일전,"5,993",0.0,1개
서울,오렌지/네이블 미국,당일,"16,335",1일전,"16,335",0.0,10개
서울,레몬/수입,당일,"9,698",1일전,"9,698",0.0,10개
서울,망고/수입,당일,"4,485",1일전,"4,485",0.0,1개
서울,쇠고기/한우등심,당일,"11,410",1일전,"11,118",2.6,100g
서울,쇠고기/한우설도,당일,"5,016",1일전,"4,800",4.5,100g
서울,쇠고기/한우양지,당일,"8,760",1일전,"6,950",26.0,100g
서울,쇠고기/한우안심,당일,"16,730",1일전,"16,730",0.0,100g
서울,쇠고기/미국산갈비살,당일,"3,718",1일전,"4,183",11.1,100g
서울,쇠고기/호주산갈비,당일,"3,653",1일전,"3,727",2.0,100g
서울,우유/우유,당일,"2,710",1일전,"2,710",0.0,1리터
서울,건미역/건미역,당일,"2,899",1일전,"2,899",0.0,100g
서울,굴/굴,당일,"15,600",1일전,"15,600",0.0,1kg
서울,새우젓/새우젓,당일,"22,456",1일전,"22,456",0.0,1kg
서울,멸치액젓/멸치액젓,당일,"5,377",1일전,"5,377",0.0,1kg
서울,굵은소금/굵은소금,당일,"12,020",1일전,"12,020",0.0,5kg
서울,콩나물/풀무원 국산콩 콩나물 340g,당일,"2,600",1일전,"2,600",0.0,1봉
서울,맛김(조미김)/동원에프앤비 양반 들기름김 5g×20봉,당일,"8,174",1일전,"8,174",0.0,1묶음
서울,간장/샘표 양조간장 501 1.8L,당일,"13,660",1일전,"13,660",0.0,1개
서울,된장/청정원 재래식 생된장 1kg,당일,"8,100",1일전,"8,100",0.0,1개
서울,고추장/해찬들 우리쌀로만든 태양초고추장 1kg,당일,"16,200",1일전,"16,200",0.0,1개
서울,김치/대상 종가집 포기김치 3.3kg,당일,"28,800",1일전,"28,800",0.0,1개
서울,두부/풀무원 국산콩 300g×2,당일,"5,442",1일전,"5,433",0.2,1개
서울,즉석밥/CJ 햇반 백미밥 210g×8개,당일,"9,936",1일전,"9,936",0.0,1묶음
서울,쌀/일반계,당일,"50,000",1일전,"50,000",0.0,20kg
서울,찹쌀/일반계,당일,"107,000",1일전,"107,000",0.0,40kg
서울,콩/흰 콩(국산),당일,"201,000",1일전,"201,000",0.0,35kg
서울,팥/붉은 팥(국산),당일,"360,000",1일전,"360,000",0.0,40kg
서울,녹두/국산,당일,"713,000",1일전,"713,000",0.0,40kg
서울,고구마/밤,당일,"32,000",1일전,"31,300",2.2,10kg
서울,감자/수미,당일,"52,300",1일전,"43,000",21.6,20kg
서울,배추/월동,당일,"10,400",1일전,"11,600",10.3,10kg
서울,양배추/양배추,당일,"10,000",1일전,"9,000",11.1,8kg
서울,시금치/시금치,당일,"12,500",1일전,"14,500",13.8,4kg
서울,상추/적,당일,"17,000",1일전,"17,700",4.0,4kg
서울,상추/청,당일,"19,200",1일전,"21,200",9.4,4kg
서울,얼갈이배추/얼갈이배추,당일,"8,250",1일전,"8,250",0.0,4kg
서울,수박/수박,당일,"19,200",1일전,"19,200",0.0,1개
서울,참외/참외,당일,"77,000",1일전,"75,200",2.4,10kg
서울,오이/다다기계통,당일,"77,200",1일전,"72,500",6.5,100개
서울,오이/취청,당일,"57,700",1일전,"57,000",1.2,50개
서울,호박/애호박,당일,"25,000",1일전,"27,000",7.4,20개
서울,호박/쥬키니,당일,"26,000",1일전,"29,200",11.0,10kg
서울,토마토/토마토,당일,"39,800",1일전,"39,800",0.0,10kg
서울,딸기/딸기,당일,"17,200",1일전,"17,200",0.0,2kg
서울,무/월동,당일,"11,000",1일전,"11,000",0.0,20kg
서울,당근/무세척,당일,"32,000",1일전,"31,600",1.3,20kg
서울,열무/열무,당일,"17,000",1일전,"17,200",1.2,4kg
서울,건고추/화건,당일,"600,000",1일전,"600,000",0.0,30kg
서울,건고추/양건,당일,"750,000",1일전,"750,000",0.0,30kg
서울,풋고추/풋고추,당일,"83,500",1일전,"79,500",5.0,10kg
서울,풋고추/꽈리고추,당일,"36,500",1일전,"34,000",7.4,4kg
서울,풋고추/청양고추,당일,"37,700",1일전,"39,000",3.3,10kg
서울,붉은고추/붉은고추,당일,"155,000",1일전,"159,000",2.5,10kg
서울,피마늘/한지,당일,"90,000",1일전,"90,000",0.0,10kg
서울,피마늘/난지(대서),당일,"60,000",1일전,"60,000",0.0,10kg
서울,깐마늘(국산)/깐마늘(대서),당일,"170,000",1일전,"170,000",0.0,20kg
서울,깐마늘(국산)/깐마늘(남도),당일,"175,000",1일전,"175,000",0.0,20kg
서울,양파/양파,당일,"13,300",1일전,"11,500",15.7,20kg
서울,파/대파,당일,"1,600",1일전,"1,620",1.2,1kg
서울,파/쪽파,당일,"3,000",1일전,"3,000",0.0,1kg
서울,생강/국산,당일,"65,000",1일전,"65,000",0.0,20kg
서울,미나리/미나리,당일,"86,600",1일전,"96,600",10.4,15kg
서울,깻잎/깻잎,당일,"28,500",1일전,"33,500",14.9,2kg
서울,피망/청,당일,"54,000",1일전,"54,000",0.0,10kg
서울,파프리카/파프리카,당일,"29,700",1일전,"27,500",8.0,5kg
서울,멜론/멜론,당일,"33,000",1일전,"33,000",0.0,8kg
서울,방울토마토/방울토마토,당일,"25,600",1일전,"25,600",0.0,5kg
서울,방울토마토/대추방울토마토,당일,"7,000",1일전,"6,900",1.5,1kg
서울,참깨/백색(국산),당일,"830,000",1일전,"830,000",0.0,30kg
서울,들깨/국산,당일,"652,000",1일전,"652,000",0.0,45kg
서울,땅콩/국산,당일,"360,000",1일전,"360,000",0.0,30kg
서울,느타리버섯/느타리버섯,당일,"7,000",1일전,"7,500",6.7,2kg
서울,느타리버섯/애느타리버섯,당일,"9,250",1일전,"9,000",2.8,2kg
서울,팽이버섯/팽이버섯,당일,"13,700",1일전,"13,000",5.4,5kg
서울,새송이버섯/새송이버섯,당일,"8,750",1일전,"9,000",2.8,2kg
서울,사과/후지,당일,"36,600",1일전,"36,600",0.0,10kg
서울,배/신고,당일,"49,800",1일전,"49,800",0.0,15kg
서울,포도/레드글로브 페루,당일,"34,600",1일전,"34,600",0.0,8kg
서울,바나나/수입,당일,"31,300",1일전,"31,300",0.0,13kg
서울,참다래/국산,당일,"49,800",1일전,"49,800",0.0,10kg
서울,파인애플/수입,당일,"30,600",1일전,"30,600",0.0,12kg
서울,오렌지/네이블 미국,당일,"71,600",1일전,"71,600",0.0,18kg
서울,레몬/수입,당일,"53,300",1일전,"53,300",0.0,17kg
서울,망고/수입,당일,"38,000",1일전,"38,000",0.0,5kg
서울,건미역/건미역,당일,"12,000",1일전,"12,000",0.0,1kg
서울,굴/굴,당일,"9,660",1일전,"9,660",0.0,1kg
부산,쌀/일반계,당일,"52,267",1일전,"52,267",0.0,20kg
부산,찹쌀/일반계,당일,"4,177",1일전,"4,177",0.0,1kg
부산,콩/흰 콩(국산),당일,"5,913",1일전,"5,913",0.0,500g
부산,팥/붉은 팥(국산),당일,"8,813",1일전,"8,813",0.0,500g
부산,녹두/국산,당일,"10,500",1일전,"10,500",0.0,500g
부산,고구마/밤,당일,"4,833",1일전,"4,833",0.0,1kg
부산,감자/수미,당일,520,1일전,520,0.0,100g
부산,배추/월동,당일,"4,500",1일전,"4,500",0.0,1포기
부산,양배추/양배추,당일,"3,500",1일전,"3,500",0.0,1포기
부산,시금치/시금치,당일,"7,930",1일전,"8,080",1.9,1kg
부산,상추/적,당일,825,1일전,825,0.0,100g
부산,상추/청,당일,995,1일전,995,0.0,100g
부산,얼갈이배추/얼갈이배추,당일,"3,163",1일전,"3,163",0.0,1kg
부산,참외/참외,당일,"34,865",1일전,"34,865",0.0,10개
부산,오이/가시계통,당일,"14,753",1일전,"14,753",0.0,10개
부산,오이/다다기계통,당일,"8,330",1일전,"8,330",0.0,10개
부산,호박/애호박,당일,"1,793",1일전,"1,793",0.0,1개
부산,호박/쥬키니,당일,"2,590",1일전,"2,240",15.6,1개
부산,토마토/토마토,당일,"4,893",1일전,"4,893",0.0,1kg
부산,딸기/딸기,당일,"1,120",1일전,"1,120",0.0,100g
부산,무/월동,당일,"1,995",1일전,"1,995",0.0,1개
부산,당근/무세척,당일,"2,940",1일전,"2,940",0.0,1kg
부산,열무/열무,당일,"3,653",1일전,"3,653",0.0,1kg
부산,건고추/화건,당일,"17,000",1일전,"17,000",0.0,600g
부산,건고추/양건,당일,"20,000",1일전,"20,000",0.0,600g
부산,풋고추/풋고추,당일,"1,130",1일전,"1,130",0.0,100g
부산,풋고추/꽈리고추,당일,"1,550",1일전,"1,550",0.0,100g
부산,풋고추/청양고추,당일,"1,063",1일전,"1,063",0.0,100g
부산,붉은고추/붉은고추,당일,"2,140",1일전,"2,140",0.0,100g
부산,깐마늘(국산)/깐마늘(국산),당일,"12,210",1일전,"12,210",0.0,1kg
부산,양파/양파,당일,"1,930",1일전,"1,930",0.0,1kg
부산,파/대파,당일,"2,967",1일전,"3,033",2.2,1kg
부산,파/쪽파,당일,"3,750",1일전,"3,750",0.0,1kg
부산,생강/국산,당일,"9,467",1일전,"9,467",0.0,1kg
부산,고춧가루/국산,당일,"32,833",1일전,"32,833",0.0,1kg
부산,고춧가루/중국,당일,"11,460",1일전,"11,460",0.0,1kg
부산,깻잎/깻잎,당일,"2,597",1일전,"2,597",0.0,100g
부산,피망/청,당일,"1,250",1일전,"1,250",0.0,100g
부산,파프리카/파프리카,당일,"1,827",1일전,"1,827",0.0,200g
부산,멜론/멜론,당일,"12,995",1일전,"12,995",0.0,1개
부산,방울토마토/방울토마토,당일,"9,920",1일전,"9,920",0.0,1kg
부산,방울토마토/대추방울토마토,당일,"9,247",1일전,"9,247",0.0,1kg
부산,참깨/백색(국산),당일,"14,600",1일전,"14,600",0.0,500g
부산,땅콩/국산,당일,"2,050",1일전,"2,050",0.0,100g
부산,느타리버섯/느타리버섯,당일,"1,000",1일전,"1,000",0.0,100g
부산,느타리버섯/애느타리버섯,당일,625,1일전,625,0.0,100g
부산,팽이버섯/팽이버섯,당일,657,1일전,657,0.0,150g
부산,새송이버섯/새송이버섯,당일,610,1일전,610,0.0,100g
부산,사과/후지,당일,"33,000",1일전,"33,000",0.0,10개
부산,배/신고,당일,"38,990",1일전,"38,990",0.0,10개
부산,포도/레드글로브 페루,당일,"7,770",1일전,"7,770",0.0,1kg
부산,바나나/수입,당일,300,1일전,300,0.0,100g
부산,참다래/국산,당일,"10,000",1일전,"10,000",0.0,10개
부산,파인애플/수입,당일,"6,000",1일전,"6,000",0.0,1개
부산,오렌지/네이블 미국,당일,"15,980",1일전,"14,140",13.0,10개
부산,레몬/수입,당일,"13,900",1일전,"13,900",0.0,10개
부산,망고/수입,당일,"3,990",1일전,"3,990",0.0,1개
부산,쇠고기/한우등심,당일,"9,500",1일전,"9,500",0.0,100g
부산,쇠고기/한우설도,당일,"4,900",1일전,"4,900",0.0,100g
부산,쇠고기/한우양지,당일,"4,500",1일전,"4,500",0.0,100g
부산,쇠고기/한우안심,당일,"11,000",1일전,"11,000",0.0,100g
부산,쇠고기/미국산갈비살,당일,"2,590",1일전,"2,590",0.0,100g
부산,쇠고기/호주산갈비,당일,"2,980",1일전,"2,980",0.0,100g
부산,우유/우유,당일,"2,730",1일전,"2,730",0.0,1리터
부산,건미역/건미역,당일,"3,913",1일전,"3,913",0.0,100g
부산,굴/굴,당일,"14,000",1일전,"18,265",23.4,1kg
부산,새우젓/새우젓,당일,"21,060",1일전,"21,060",0.0,1kg
부산,멸치액젓/멸치액젓,당일,"5,623",1일전,"5,623",0.0,1kg
부산,굵은소금/굵은소금,당일,"11,163",1일전,"11,163",0.0,5kg
부산,콩나물/풀무원 국산콩 콩나물 340g,당일,"2,695",1일전,"2,695",0.0,1봉
부산,맛김(조미김)/동원에프앤비 양반 들기름김 5g×20봉,당일,"7,985",1일전,"7,985",0.0,1묶음
부산,간장/샘표 양조간장 501 1.8L,당일,"13,820",1일전,"13,820",0.0,1개
부산,된장/청정원 재래식 생된장 1kg,당일,"7,040",1일전,"7,040",0.0,1개
부산,고추장/해찬들 우리쌀로만든 태양초고추장 1kg,당일,"8,195",1일전,"8,195",0.0,1개
부산,김치/대상 종가집 포기김치 3.3kg,당일,"28,800",1일전,"28,800",0.0,1개
부산,두부/풀무원 국산콩 300g×2,당일,"5,445",1일전,"5,445",0.0,1개
부산,즉석밥/CJ 햇반 백미밥 210g×8개,당일,"9,900",1일전,"9,900",0.0,1묶음
부산,쌀/일반계,당일,"52,000",1일전,"52,000",0.0,20kg
부산,찹쌀/일반계,당일,"117,000",1일전,"117,000",0.0,40kg
부산,콩/흰 콩(국산),당일,"215,000",1일전,"215,000",0.0,35kg
부산,팥/붉은 팥(국산),당일,"360,000",1일전,"360,000",0.0,40kg
부산,녹두/국산,당일,"685,000",1일전,"685,000",0.0,40kg
부산,고구마/밤,당일,"35,000",1일전,"35,000",0.0,10kg
부산,감자/수미,당일,"48,500",1일전,"48,000",1.0,20kg
부산,배추/월동,당일,"10,000",1일전,"9,000",11.1,10kg
부산,양배추/양배추,당일,"8,000",1일전,"9,000",11.1,8kg
부산,시금치/시금치,당일,"10,000",1일전,"10,000",0.0,4kg
부산,상추/적,당일,"19,000",1일전,"18,000",5.6,4kg
부산,상추/청,당일,"23,000",1일전,"25,000",8.0,4kg
부산,얼갈이배추/얼갈이배추,당일,"6,000",1일전,"6,000",0.0,4kg
부산,수박/수박,당일,"16,000",1일전,"16,000",0.0,1개
부산,참외/참외,당일,"80,000",1일전,"75,000",6.7,10kg
부산,오이/가시계통,당일,"40,000",1일전,"40,000",0.0,10kg
부산,호박/애호박,당일,"25,000",1일전,"24,000",4.2,20개
부산,호박/쥬키니,당일,"20,000",1일전,"20,000",0.0,10kg
부산,토마토/토마토,당일,"30,000",1일전,"30,000",0.0,10kg
부산,딸기/딸기,당일,"16,000",1일전,"20,000",20.0,2kg
부산,무/월동,당일,"11,000",1일전,"11,000",0.0,20kg
부산,당근/무세척,당일,"30,000",1일전,"30,000",0.0,20kg
부산,열무/열무,당일,"10,000",1일전,"10,000",0.0,4kg
부산,건고추/화건,당일,"550,000",1일전,"550,000",0.0,30kg
부산,건고추/양건,당일,"725,000",1일전,"725,000",0.0,30kg
부산,풋고추/풋고추,당일,"70,000",1일전,"70,000",0.0,10kg
부산,풋고추/꽈리고추,당일,"31,600",1일전,"29,000",9.0,4kg
부산,풋고추/청양고추,당일,"40,000",1일전,"40,000",0.0,10kg
부산,붉은고추/붉은고추,당일,"160,000",1일전,"150,000",6.7,10kg
부산,피마늘/한지,당일,"110,000",1일전,"110,000",0.0,10kg
부산,피마늘/난지(대서),당일,"73,300",1일전,"73,300",0.0,10kg
부산,깐마늘(국산)/깐마늘(대서),당일,"160,000",1일전,"160,000",0.0,20kg
부산,양파/양파,당일,"10,000",1일전,"10,000",0.0,20kg
부산,파/대파,당일,"1,500",1일전,"1,600",6.3,1kg
부산,파/쪽파,당일,"3,500",1일전,"3,500",0.0,1kg
부산,생강/국산,당일,"65,000",1일전,"65,000",0.0,20kg
부산,미나리/미나리,당일,"85,000",1일전,"90,000",5.6,15kg
부산,깻잎/깻잎,당일,"32,000",1일전,"30,000",6.7,2kg
부산,피망/청,당일,"46,000",1일전,"48,000",4.2,10kg
부산,파프리카/파프리카,당일,"26,000",1일전,"21,000",23.8,5kg
부산,멜론/멜론,당일,"25,000",1일전,"25,000",0.0,8kg
부산,방울토마토/대추방울토마토,당일,"8,000",1일전,"8,000",0.0,1kg
부산,참깨/백색(국산),당일,"800,000",1일전,"800,000",0.0,30kg
부산,들깨/국산,당일,"680,000",1일전,"680,000",0.0,45kg
부산,땅콩/국산,당일,"330,000",1일전,"330,000",0.0,30kg
부산,느타리버섯/느타리버섯,당일,"14,000",1일전,"14,000",0.0,2kg
부산,느타리버섯/애느타리버섯,당일,"6,000",1일전,"6,000",0.0,2kg
부산,팽이버섯/팽이버섯,당일,"14,000",1일전,"14,000",0.0,5kg
부산,새송이버섯/새송이버섯,당일,"6,000",1일전,"6,000",0.0,2kg
부산,사과/후지,당일,"40,000",1일전,"40,000",0.0,10kg
부산,배/신고,당일,"60,000",1일전,"60,000",0.0,15kg
부산,바나나/수입,당일,"32,000",1일전,"32,000",0.0,13kg
부산,참다래/국산,당일,"48,000",1일전,"48,000",0.0,10kg
부산,파인애플/수입,당일,"32,000",1일전,"32,000",0.0,12kg
부산,오렌지/네이블 미국,당일,"70,000",1일전,"70,000",0.0,18kg
부산,레몬/수입,당일,"55,000",1일전,"55,000",0.0,17kg
부산,망고/수입,당일,"40,000",1일전,"40,000",0.0,5kg
부산,건미역/건미역,당일,"14,000",1일전,"14,000",0.0,1kg
부산,굴/굴,당일,"11,000",1일전,"11,000",0.0,1kg
대구,쌀/일반계,당일,"51,367",1일전,"51,367",0.0,20kg
대구,찹쌀/일반계,당일,"4,503",1일전,"4,503",0.0,1kg
대구,콩/흰 콩(국산),당일,"5,713",1일전,"5,713",0.0,500g
대구,팥/붉은 팥(국산),당일,"8,200",1일전,"8,200",0.0,500g
대구,녹두/국산,당일,"10,000",1일전,"10,000",0.0,500g
대구,고구마/밤,당일,"5,437",1일전,"5,437",0.0,1kg
대구,감자/수미,당일,557,1일전,557,0.0,100g
대구,배추/월동,당일,"4,910",1일전,"4,910",0.0,1포기
대구,양배추/양배추,당일,"4,160",1일전,"4,160",0.0,1포기
대구,시금치/시금치,당일,"8,555",1일전,"5,250",63.0,1kg
대구,상추/적,당일,740,1일전,723,2.4,100g
대구,상추/청,당일,935,1일전,910,2.8,100g
대구,얼갈이배추/얼갈이배추,당일,"3,193",1일전,"3,237",1.4,1kg
대구,수박/수박,당일,"25,300",1일전,"25,300",0.0,1개
대구,참외/참외,당일,"32,743",1일전,"32,743",0.0,10개
대구,오이/가시계통,당일,"15,360",1일전,"15,360",0.0,10개
대구,오이/다다기계통,당일,"10,047",1일전,"10,047",0.0,10개
대구,오이/취청,당일,"13,700",1일전,"13,700",0.0,10개
대구,호박/애호박,당일,"1,923",1일전,"1,923",0.0,1개
대구,호박/쥬키니,당일,"1,655",1일전,"1,605",3.1,1개
대구,토마토/토마토,당일,"6,163",1일전,"6,163",0.0,1kg
대구,딸기/딸기,당일,"1,015",1일전,"1,015",0.0,100g
대구,무/월동,당일,"1,675",1일전,"1,675",0.0,1개
대구,당근/무세척,당일,"2,927",1일전,"2,927",0.0,1kg
대구,열무/열무,당일,"4,010",1일전,"3,967",1.1,1kg
대구,건고추/화건,당일,"12,000",1일전,"12,000",0.0,600g
대구,건고추/양건,당일,"18,000",1일전,"18,000",0.0,600g
대구,풋고추/풋고추,당일,"1,350",1일전,"1,350",0.0,100g
대구,풋고추/꽈리고추,당일,"1,327",1일전,"1,327",0.0,100g
대구,풋고추/청양고추,당일,"1,003",1일전,"1,003",0.0,100g
대구,붉은고추/붉은고추,당일,"2,357",1일전,"2,340",0.7,100g
대구,깐마늘(국산)/깐마늘(국산),당일,"13,520",1일전,"13,520",0.0,1kg
대구,양파/양파,당일,"1,930",1일전,"1,930",0.0,1kg
대구,파/대파,당일,"3,163",1일전,"3,163",0.0,1kg
대구,파/쪽파,당일,"5,000",1일전,"5,000",0.0,1kg
대구,생강/국산,당일,"8,423",1일전,"8,423",0.0,1kg
대구,고춧가루/국산,당일,"31,493",1일전,"31,493",0.0,1kg
대구,고춧가루/중국,당일,"11,900",1일전,"11,900",0.0,1kg
대구,깻잎/깻잎,당일,"2,563",1일전,"2,563",0.0,100g
대구,피망/청,당일,"1,120",1일전,"1,247",10.2,100g
대구,파프리카/파프리카,당일,"1,883",1일전,"1,883",0.0,200g
대구,멜론/멜론,당일,"14,263",1일전,"14,263",0.0,1개
대구,방울토마토/방울토마토,당일,"9,875",1일전,"9,875",0.0,1kg
대구,방울토마토/대추방울토마토,당일,"9,460",1일전,"9,460",0.0,1kg
대구,참깨/백색(국산),당일,"15,000",1일전,"15,000",0.0,500g
대구,땅콩/국산,당일,"2,600",1일전,"2,600",0.0,100g
대구,느타리버섯/느타리버섯,당일,"1,100",1일전,"1,080",1.9,100g
대구,느타리버섯/애느타리버섯,당일,605,1일전,605,0.0,100g
대구,팽이버섯/팽이버섯,당일,577,1일전,577,0.0,150g
대구,새송이버섯/새송이버섯,당일,570,1일전,570,0.0,100g
대구,사과/후지,당일,"33,000",1일전,"33,000",0.0,10개
대구,배/신고,당일,"42,493",1일전,"42,493",0.0,10개
대구,포도/레드글로브 페루,당일,"7,490",1일전,"7,490",0.0,1kg
대구,바나나/수입,당일,360,1일전,360,0.0,100g
대구,참다래/국산,당일,"7,830",1일전,"7,830",0.0,10개
대구,파인애플/수입,당일,"5,990",1일전,"5,990",0.0,1개
대구,오렌지/네이블 미국,당일,"12,700",1일전,"12,900",1.6,10개
대구,레몬/수입,당일,"11,850",1일전,"11,850",0.0,10개
대구,망고/수입,당일,"4,993",1일전,"4,993",0.0,1개
대구,쇠고기/한우등심,당일,"10,795",1일전,"10,795",0.0,100g
대구,쇠고기/한우설도,당일,"6,140",1일전,"6,140",0.0,100g
대구,쇠고기/한우양지,당일,"6,930",1일전,"6,930",0.0,100g
대구,쇠고기/한우안심,당일,"16,880",1일전,"16,880",0.0,100g
대구,쇠고기/미국산갈비살,당일,"2,485",1일전,"2,485",0.0,100g
대구,쇠고기/호주산갈비,당일,"3,280",1일전,"3,480",5.8,100g
대구,우유/우유,당일,"2,710",1일전,"2,710",0.0,1리터
대구,건미역/건미역,당일,"2,327",1일전,"2,327",0.0,100g
대구,굴/굴,당일,"12,300",1일전,"12,300",0.0,1kg
대구,새우젓/새우젓,당일,"21,993",1일전,"21,993",0.0,1kg
대구,멸치액젓/멸치액젓,당일,"5,660",1일전,"5,660",0.0,1kg
대구,굵은소금/굵은소금,당일,"9,693",1일전,"9,693",0.0,5kg
대구,콩나물/풀무원 국산콩 콩나물 340g,당일,"2,600",1일전,"2,600",0.0,1봉
대구,맛김(조미김)/동원에프앤비 양반 들기름김 5g×20봉,당일,"7,985",1일전,"7,985",0.0,1묶음
대구,간장/샘표 양조간장 501 1.8L,당일,"13,660",1일전,"13,660",0.0,1개
대구,된장/청정원 재래식 생된장 1kg,당일,"8,100",1일전,"8,100",0.0,1개
대구,고추장/해찬들 우리쌀로만든 태양초고추장 1kg,당일,"13,500",1일전,"13,500",0.0,1개
대구,김치/대상 종가집 포기김치 3.3kg,당일,"28,800",1일전,"28,800",0.0,1개
대구,두부/풀무원 국산콩 300g×2,당일,"5,485",1일전,"5,485",0.0,1개
대구,즉석밥/CJ 햇반 백미밥 210g×8개,당일,"9,900",1일전,"9,900",0.0,1묶음
대구,쌀/일반계,당일,"52,600",1일전,"52,600",0.0,20kg
대구,찹쌀/일반계,당일,"114,000",1일전,"114,000",0.0,40kg
대구,콩/흰 콩(국산),당일,"204,000",1일전,"204,000",0.0,35kg
대구,팥/붉은 팥(국산),당일,"380,000",1일전,"380,000",0.0,40kg
대구,녹두/국산,당일,"700,000",1일전,"700,000",0.0,40kg
대구,고구마/밤,당일,"31,000",1일전,"30,000",3.3,10kg
대구,감자/수미,당일,"47,000",1일전,"43,000",9.3,20kg
대구,배추/월동,당일,"10,000",1일전,"10,000",0.0,10kg
대구,양배추/양배추,당일,"9,000",1일전,"9,000",0.0,8kg
대구,시금치/시금치,당일,"13,000",1일전,"13,000",0.0,4kg
대구,상추/적,당일,"17,000",1일전,"16,000",6.3,4kg
대구,상추/청,당일,"17,000",1일전,"16,000",6.3,4kg
대구,얼갈이배추/얼갈이배추,당일,"6,500",1일전,"6,500",0.0,4kg
대구,수박/수박,당일,"20,000",1일전,"20,000",0.0,1개
대구,참외/참외,당일,"80,000",1일전,"80,000",0.0,10kg
대구,오이/가시계통,당일,"42,000",1일전,"42,000",0.0,10kg
대구,오이/다다기계통,당일,"74,000",1일전,"74,000",0.0,100개
대구,호박/애호박,당일,"26,000",1일전,"28,000",7.1,20개
대구,호박/쥬키니,당일,"23,000",1일전,"25,000",8.0,10kg
대구,토마토/토마토,당일,"35,000",1일전,"35,000",0.0,10kg
대구,딸기/딸기,당일,"20,000",1일전,"20,000",0.0,2kg
대구,무/월동,당일,"11,000",1일전,"11,000",0.0,20kg
대구,당근/무세척,당일,"28,000",1일전,"28,000",0.0,20kg
대구,열무/열무,당일,"12,000",1일전,"12,000",0.0,4kg
대구,건고추/화건,당일,"525,000",1일전,"525,000",0.0,30kg
대구,건고추/양건,당일,"675,000",1일전,"675,000",0.0,30kg
대구,풋고추/풋고추,당일,"74,000",1일전,"74,000",0.0,10kg
대구,풋고추/꽈리고추,당일,"31,000",1일전,"32,000",3.1,4kg
대구,풋고추/청양고추,당일,"40,000",1일전,"40,000",0.0,10kg
대구,붉은고추/붉은고추,당일,"145,000",1일전,"145,000",0.0,10kg
대구,피마늘/한지,당일,"110,000",1일전,"110,000",0.0,10kg
대구,피마늘/난지(대서),당일,"65,000",1일전,"65,000",0.0,10kg
대구,깐마늘(국산)/깐마늘(대서),당일,"170,000",1일전,"170,000",0.0,20kg
대구,양파/양파,당일,"10,500",1일전,"10,500",0.0,20kg
대구,파/대파,당일,"1,600",1일전,"1,600",0.0,1kg
대구,파/쪽파,당일,"3,300",1일전,"3,300",0.0,1kg
대구,생강/국산,당일,"80,000",1일전,"80,000",0.0,20kg
대구,미나리/미나리,당일,"85,000",1일전,"90,000",5.6,15kg
대구,깻잎/깻잎,당일,"28,000",1일전,"27,000",3.7,2kg
대구,피망/청,당일,"48,000",1일전,"48,000",0.0,10kg
대구,파프리카/파프리카,당일,"28,000",1일전,"28,000",0.0,5kg
대구,멜론/멜론,당일,"32,000",1일전,"32,000",0.0,8kg
대구,방울토마토/대추방울토마토,당일,"7,000",1일전,"7,000",0.0,1kg
대구,참깨/백색(국산),당일,"831,000",1일전,"831,000",0.0,30kg
대구,들깨/국산,당일,"683,000",1일전,"683,000",0.0,45kg
대구,땅콩/국산,당일,"345,000",1일전,"345,000",0.0,30kg
대구,느타리버섯/느타리버섯,당일,"14,000",1일전,"14,000",0.0,2kg
대구,느타리버섯/애느타리버섯,당일,"8,000",1일전,"8,000",0.0,2kg
대구,팽이버섯/팽이버섯,당일,"14,000",1일전,"14,000",0.0,5kg
대구,새송이버섯/새송이버섯,당일,"8,000",1일전,"8,000",0.0,2kg
대구,사과/후지,당일,"40,000",1일전,"40,000",0.0,10kg
대구,배/신고,당일,"50,000",1일전,"50,000",0.0,15kg
대구,바나나/수입,당일,"32,000",1일전,"32,000",0.0,13kg
대구,참다래/국산,당일,"45,000",1일전,"45,000",0.0,10kg
대구,파인애플/수입,당일,"32,000",1일전,"32,000",0.0,12kg
대구,오렌지/네이블 미국,당일,"70,000",1일전,"69,000",1.5,18kg
대구,레몬/수입,당일,"56,000",1일전,"56,000",0.0,17kg
대구,망고/수입,당일,"41,000",1일전,"41,000",0.0,5kg
대구,건미역/건미역,당일,"13,600",1일전,"13,600",0.0,1kg
대구,굴/굴,당일,"10,300",1일전,"10,300",0.0,1kg
인천,쌀/일반계,당일,"53,250",1일전,"53,750",0.9,20kg
인천,찹쌀/일반계,당일,"4,440",1일전,"4,440",0.0,1kg
인천,콩/흰 콩(국산),당일,"6,880",1일전,"6,880",0.0,500g
인천,팥/붉은 팥(국산),당일,"10,115",1일전,"10,115",0.0,500g
인천,녹두/국산,당일,"11,000",1일전,"11,000",0.0,500g
인천,고구마/밤,당일,"6,230",1일전,"4,665",33.6,1kg
인천,감자/수미,당일,550,1일전,550,0.0,100g
인천,배추/월동,당일,"5,000",1일전,"5,000",0.0,1포기
인천,양배추/양배추,당일,"4,000",1일전,"4,000",0.0,1포기
인천,시금치/시금치,당일,"5,000",1일전,"5,000",0.0,1kg
인천,상추/적,당일,840,1일전,840,0.0,100g
인천,상추/청,당일,840,1일전,840,0.0,100g
인천,얼갈이배추/얼갈이배추,당일,"2,810",1일전,"2,895",2.9,1kg
인천,참외/참외,당일,"28,625",1일전,"28,625",0.0,10개
인천,오이/다다기계통,당일,"10,390",1일전,"10,390",0.0,10개
인천,오이/취청,당일,"12,900",1일전,"12,900",0.0,10개
인천,호박/애호박,당일,"1,910",1일전,"1,825",4.7,1개
인천,호박/쥬키니,당일,"1,990",1일전,"1,990",0.0,1개
인천,토마토/토마토,당일,"6,995",1일전,"6,995",0.0,1kg
인천,딸기/딸기,당일,"1,110",1일전,"1,110",0.0,100g
인천,무/월동,당일,"1,660",1일전,"1,660",0.0,1개
인천,당근/무세척,당일,"3,145",1일전,"3,145",0.0,1kg
인천,열무/열무,당일,"3,995",1일전,"3,995",0.0,1kg
인천,건고추/양건,당일,"19,000",1일전,"19,000",0.0,600g
인천,풋고추/풋고추,당일,"2,330",1일전,"2,330",0.0,100g
인천,풋고추/꽈리고추,당일,"1,330",1일전,"1,330",0.0,100g
인천,풋고추/청양고추,당일,870,1일전,870,0.0,100g
인천,붉은고추/붉은고추,당일,"1,955",1일전,"1,955",0.0,100g
인천,깐마늘(국산)/깐마늘(국산),당일,"13,285",1일전,"13,285",0.0,1kg
인천,양파/양파,당일,"2,080",1일전,"2,080",0.0,1kg
인천,파/대파,당일,"2,995",1일전,"2,995",0.0,1kg
인천,파/쪽파,당일,"6,230",1일전,"6,230",0.0,1kg
인천,생강/국산,당일,"7,330",1일전,"7,330",0.0,1kg
인천,고춧가루/국산,당일,"30,050",1일전,"30,050",0.0,1kg
인천,고춧가루/중국,당일,"10,000",1일전,"10,000",0.0,1kg
인천,미나리/미나리,당일,760,1일전,760,0.0,100g
인천,깻잎/깻잎,당일,"2,200",1일전,"2,200",0.0,100g
인천,피망/청,당일,"1,125",1일전,"1,125",0.0,100g
인천,파프리카/파프리카,당일,"1,510",1일전,"1,510",0.0,200g
인천,멜론/멜론,당일,"12,900",1일전,"12,900",0.0,1개
인천,방울토마토/방울토마토,당일,"11,990",1일전,"11,990",0.0,1kg
인천,방울토마토/대추방울토마토,당일,"7,830",1일전,"6,665",17.5,1kg
인천,땅콩/국산,당일,"3,160",1일전,"3,160",0.0,100g
인천,느타리버섯/애느타리버섯,당일,675,1일전,675,0.0,100g
인천,팽이버섯/팽이버섯,당일,510,1일전,510,0.0,150g
인천,새송이버섯/새송이버섯,당일,500,1일전,500,0.0,100g
인천,사과/후지,당일,"30,000",1일전,"30,000",0.0,10개
인천,배/신고,당일,"35,000",1일전,"35,000",0.0,10개
인천,바나나/수입,당일,300,1일전,300,0.0,100g
인천,참다래/국산,당일,"8,880",1일전,"8,880",0.0,10개
인천,파인애플/수입,당일,"6,000",1일전,"6,000",0.0,1개
인천,오렌지/네이블 미국,당일,"12,700",1일전,"12,700",0.0,10개
인천,레몬/수입,당일,"8,450",1일전,"8,450",0.0,10개
인천,쇠고기/한우등심,당일,"8,500",1일전,"9,950",14.6,100g
인천,쇠고기/한우설도,당일,"4,785",1일전,"4,785",0.0,100g
인천,쇠고기/한우양지,당일,"6,200",1일전,"6,200",0.0,100g
인천,쇠고기/미국산갈비살,당일,"4,500",1일전,"4,400",2.3,100g
인천,쇠고기/호주산갈비,당일,"3,680",1일전,"3,680",0.0,100g
인천,우유/우유,당일,"2,710",1일전,"2,710",0.0,1리터
인천,건미역/건미역,당일,"2,545",1일전,"2,545",0.0,100g
인천,새우젓/새우젓,당일,"17,500",1일전,"17,500",0.0,1kg
인천,멸치액젓/멸치액젓,당일,"5,850",1일전,"5,850",0.0,1kg
인천,굵은소금/굵은소금,당일,"11,990",1일전,"11,990",0.0,5kg
인천,콩나물/풀무원 국산콩 콩나물 340g,당일,"2,600",1일전,"2,600",0.0,1봉
인천,맛김(조미김)/동원에프앤비 양반 들기름김 5g×20봉,당일,"7,980",1일전,"7,980",0.0,1묶음
인천,간장/샘표 양조간장 501 1.8L,당일,"13,660",1일전,"13,660",0.0,1개
인천,된장/청정원 재래식 생된장 1kg,당일,"8,100",1일전,"8,100",0.0,1개
인천,고추장/해찬들 우리쌀로만든 태양초고추장 1kg,당일,"18,000",1일전,"18,000",0.0,1개
인천,김치/대상 종가집 포기김치 3.3kg,당일,"28,800",1일전,"28,800",0.0,1개
인천,즉석밥/CJ 햇반 백미밥 210g×8개,당일,"9,990",1일전,"9,990",0.0,1묶음
인천,두부/풀무원 국산콩 300g×2,당일,"5,480",1일전,"5,480",0.0,1개
광주,쌀/일반계,당일,"50,367",1일전,"50,367",0.0,20kg
광주,찹쌀/일반계,당일,"4,370",1일전,"4,370",0.0,1kg
광주,콩/흰 콩(국산),당일,"5,523",1일전,"5,523",0.0,500g
광주,팥/붉은 팥(국산),당일,"7,943",1일전,"7,943",0.0,500g
광주,녹두/국산,당일,"8,750",1일전,"8,750",0.0,500g
광주,고구마/밤,당일,"5,327",1일전,"5,327",0.0,1kg
광주,감자/수미,당일,537,1일전,537,0.0,100g
광주,배추/월동,당일,"4,730",1일전,"4,730",0.0,1포기
광주,양배추/양배추,당일,"4,000",1일전,"4,000",0.0,1포기
광주,시금치/시금치,당일,"8,180",1일전,"8,180",0.0,1kg
광주,상추/적,당일,780,1일전,780,0.0,100g
광주,상추/청,당일,970,1일전,970,0.0,100g
광주,얼갈이배추/얼갈이배추,당일,"3,840",1일전,"3,840",0.0,1kg
광주,참외/참외,당일,"32,410",1일전,"32,410",0.0,10개
광주,오이/가시계통,당일,"17,450",1일전,"17,450",0.0,10개
광주,오이/다다기계통,당일,"9,570",1일전,"9,570",0.0,10개
광주,오이/취청,당일,"13,557",1일전,"13,557",0.0,10개
광주,호박/애호박,당일,"1,790",1일전,"1,790",0.0,1개
광주,호박/쥬키니,당일,"1,895",1일전,"1,895",0.0,1개
광주,토마토/토마토,당일,"6,220",1일전,"6,220",0.0,1kg
광주,딸기/딸기,당일,"1,065",1일전,"1,095",2.7,100g
광주,무/월동,당일,"1,425",1일전,"1,425",0.0,1개
광주,당근/무세척,당일,"2,927",1일전,"2,927",0.0,1kg
광주,열무/열무,당일,"3,520",1일전,"3,520",0.0,1kg
광주,건고추/화건,당일,"11,290",1일전,"11,290",0.0,600g
광주,건고추/양건,당일,"13,000",1일전,"13,000",0.0,600g
광주,풋고추/풋고추,당일,"1,625",1일전,"1,625",0.0,100g
광주,풋고추/꽈리고추,당일,"1,300",1일전,"1,300",0.0,100g
광주,풋고추/청양고추,당일,"1,020",1일전,"1,020",0.0,100g
광주,붉은고추/붉은고추,당일,"2,223",1일전,"2,223",0.0,100g
광주,깐마늘(국산)/깐마늘(국산),당일,"13,407",1일전,"13,407",0.0,1kg
광주,양파/양파,당일,"1,897",1일전,"1,897",0.0,1kg
광주,파/대파,당일,"3,103",1일전,"3,103",0.0,1kg
광주,파/쪽파,당일,"4,300",1일전,"4,300",0.0,1kg
광주,생강/국산,당일,"8,533",1일전,"8,533",0.0,1kg
광주,고춧가루/국산,당일,"27,687",1일전,"27,687",0.0,1kg
광주,고춧가루/중국,당일,"11,400",1일전,"11,400",0.0,1kg
광주,미나리/미나리,당일,680,1일전,680,0.0,100g
광주,깻잎/깻잎,당일,"2,297",1일전,"2,297",0.0,100g
광주,피망/청,당일,"1,250",1일전,"1,250",0.0,100g
광주,파프리카/파프리카,당일,"1,943",1일전,"1,943",0.0,200g
광주,멜론/멜론,당일,"14,895",1일전,"14,895",0.0,1개
광주,방울토마토/방울토마토,당일,"9,875",1일전,"9,875",0.0,1kg
광주,방울토마토/대추방울토마토,당일,"9,483",1일전,"9,483",0.0,1kg
광주,참깨/백색(국산),당일,"15,000",1일전,"15,000",0.0,500g
광주,땅콩/국산,당일,"2,350",1일전,"2,767",15.1,100g
광주,느타리버섯/느타리버섯,당일,800,1일전,800,0.0,100g
광주,느타리버섯/애느타리버섯,당일,700,1일전,700,0.0,100g
광주,팽이버섯/팽이버섯,당일,600,1일전,600,0.0,150g
광주,새송이버섯/새송이버섯,당일,563,1일전,563,0.0,100g
광주,사과/후지,당일,"31,000",1일전,"31,000",0.0,10개
광주,배/신고,당일,"36,990",1일전,"36,990",0.0,10개
광주,포도/레드글로브 페루,당일,"7,490",1일전,"7,490",0.0,1kg
광주,바나나/수입,당일,335,1일전,335,0.0,100g
광주,참다래/국산,당일,"9,495",1일전,"9,495",0.0,10개
광주,파인애플/수입,당일,"5,990",1일전,"5,790",3.5,1개
광주,오렌지/네이블 미국,당일,"14,900",1일전,"14,900",0.0,10개
광주,레몬/수입,당일,"10,333",1일전,"10,333",0.0,10개
광주,망고/수입,당일,"4,490",1일전,"4,490",0.0,1개
광주,쇠고기/한우등심,당일,"9,330",1일전,"9,330",0.0,100g
광주,쇠고기/한우양지,당일,"6,055",1일전,"6,055",0.0,100g
광주,쇠고기/미국산갈비살,당일,"2,590",1일전,"2,590",0.0,100g
광주,쇠고기/호주산갈비,당일,"3,280",1일전,"3,480",5.8,100g
광주,우유/우유,당일,"2,710",1일전,"2,710",0.0,1리터
광주,건미역/건미역,당일,"3,160",1일전,"3,160",0.0,100g
광주,굴/굴,당일,"12,800",1일전,"12,800",0.0,1kg
광주,새우젓/새우젓,당일,"20,660",1일전,"20,660",0.0,1kg
광주,멸치액젓/멸치액젓,당일,"5,440",1일전,"5,440",0.0,1kg
광주,굵은소금/굵은소금,당일,"9,417",1일전,"9,417",0.0,5kg
광주,콩나물/풀무원 국산콩 콩나물 340g,당일,"2,600",1일전,"2,600",0.0,1봉
광주,맛김(조미김)/동원에프앤비 양반 들기름김 5g×20봉,당일,"7,985",1일전,"7,985",0.0,1묶음
광주,간장/샘표 양조간장 501 1.8L,당일,"13,660",1일전,"13,660",0.0,1개
광주,된장/청정원 재래식 생된장 1kg,당일,"8,100",1일전,"8,100",0.0,1개
광주,고추장/해찬들 우리쌀로만든 태양초고추장 1kg,당일,"13,500",1일전,"13,500",0.0,1개
광주,김치/대상 종가집 포기김치 3.3kg,당일,"28,800",1일전,"28,800",0.0,1개
광주,두부/풀무원 국산콩 300g×2,당일,"5,485",1일전,"5,485",0.0,1개
광주,즉석밥/CJ 햇반 백미밥 210g×8개,당일,"9,900",1일전,"9,900",0.0,1묶음
광주,쌀/일반계,당일,"52,300",1일전,"52,300",0.0,20kg
광주,찹쌀/일반계,당일,"108,000",1일전,"108,000",0.0,40kg
광주,콩/흰 콩(국산),당일,"202,000",1일전,"202,000",0.0,35kg
광주,팥/붉은 팥(국산),당일,"340,000",1일전,"340,000",0.0,40kg
광주,녹두/국산,당일,"680,000",1일전,"680,000",0.0,40kg
광주,고구마/밤,당일,"31,300",1일전,"30,300",3.3,10kg
광주,감자/수미,당일,"47,300",1일전,"44,300",6.8,20kg
광주,배추/월동,당일,"11,200",1일전,"11,200",0.0,10kg
광주,양배추/양배추,당일,"9,160",1일전,"9,160",0.0,8kg
광주,시금치/시금치,당일,"12,300",1일전,"13,300",7.5,4kg
광주,상추/적,당일,"20,300",1일전,"18,300",10.9,4kg
광주,상추/청,당일,"19,300",1일전,"17,300",11.6,4kg
광주,얼갈이배추/얼갈이배추,당일,"6,160",1일전,"6,160",0.0,4kg
광주,수박/수박,당일,"19,200",1일전,"19,200",0.0,1개
광주,참외/참외,당일,"80,200",1일전,"75,200",6.7,10kg
광주,오이/취청,당일,"52,300",1일전,"50,300",4.0,50개
광주,호박/애호박,당일,"25,300",1일전,"26,300",3.8,20개
광주,호박/쥬키니,당일,"25,300",1일전,"27,300",7.3,10kg
광주,토마토/토마토,당일,"38,200",1일전,"38,200",0.0,10kg
광주,딸기/딸기,당일,"20,200",1일전,"20,200",0.0,2kg
광주,무/월동,당일,"10,200",1일전,"10,200",0.0,20kg
광주,당근/무세척,당일,"31,300",1일전,"31,300",0.0,20kg
광주,열무/열무,당일,"15,300",1일전,"15,300",0.0,4kg
광주,건고추/화건,당일,"557,000",1일전,"557,000",0.0,30kg
광주,건고추/양건,당일,"742,000",1일전,"742,000",0.0,30kg
광주,풋고추/풋고추,당일,"75,300",1일전,"75,300",0.0,10kg
광주,풋고추/꽈리고추,당일,"32,300",1일전,"32,300",0.0,4kg
광주,풋고추/청양고추,당일,"40,300",1일전,"40,300",0.0,10kg
광주,붉은고추/붉은고추,당일,"150,000",1일전,"150,000",0.0,10kg
광주,피마늘/난지(대서),당일,"65,200",1일전,"65,200",0.0,10kg
광주,피마늘/난지(남도),당일,"76,700",1일전,"76,700",0.0,10kg
광주,깐마늘(국산)/깐마늘(대서),당일,"170,000",1일전,"170,000",0.0,20kg
광주,양파/양파,당일,"9,250",1일전,"9,250",0.0,20kg
광주,파/대파,당일,"1,630",1일전,"1,630",0.0,1kg
광주,파/쪽파,당일,"3,660",1일전,"3,660",0.0,1kg
광주,생강/국산,당일,"65,300",1일전,"65,300",0.0,20kg
광주,미나리/미나리,당일,"79,300",1일전,"79,300",0.0,15kg
광주,깻잎/깻잎,당일,"32,300",1일전,"34,300",5.8,2kg
광주,피망/청,당일,"48,300",1일전,"50,300",4.0,10kg
광주,파프리카/파프리카,당일,"28,300",1일전,"27,300",3.7,5kg
광주,멜론/멜론,당일,"33,200",1일전,"33,200",0.0,8kg
광주,방울토마토/대추방울토마토,당일,"7,120",1일전,"7,120",0.0,1kg
광주,참깨/백색(국산),당일,"816,000",1일전,"816,000",0.0,30kg
광주,들깨/국산,당일,"649,000",1일전,"649,000",0.0,45kg
광주,느타리버섯/느타리버섯,당일,"8,000",1일전,"8,000",0.0,2kg
광주,느타리버섯/애느타리버섯,당일,"8,160",1일전,"8,160",0.0,2kg
광주,팽이버섯/팽이버섯,당일,"14,300",1일전,"14,300",0.0,5kg
광주,새송이버섯/새송이버섯,당일,"9,000",1일전,"9,000",0.0,2kg
광주,사과/후지,당일,"40,200",1일전,"40,200",0.0,10kg
광주,배/신고,당일,"55,200",1일전,"55,200",0.0,15kg
광주,바나나/수입,당일,"31,300",1일전,"31,300",0.0,13kg
광주,참다래/국산,당일,"48,300",1일전,"48,300",0.0,10kg
광주,파인애플/수입,당일,"32,300",1일전,"32,300",0.0,12kg
광주,레몬/수입,당일,"55,300",1일전,"55,300",0.0,17kg
광주,망고/수입,당일,"40,300",1일전,"40,300",0.0,5kg
광주,건미역/건미역,당일,"12,000",1일전,"12,000",0.0,1kg
광주,굴/굴,당일,"11,000",1일전,"11,000",0.0,1kg
대전,쌀/일반계,당일,"52,133",1일전,"52,133",0.0,20kg
대전,찹쌀/일반계,당일,"5,320",1일전,"5,320",0.0,1kg
대전,콩/흰 콩(국산),당일,"6,460",1일전,"6,460",0.0,500g
대전,팥/붉은 팥(국산),당일,"9,460",1일전,"9,460",0.0,500g
대전,녹두/국산,당일,"10,600",1일전,"10,600",0.0,500g
대전,고구마/밤,당일,"5,103",1일전,"5,103",0.0,1kg
대전,감자/수미,당일,553,1일전,553,0.0,100g
대전,배추/월동,당일,"5,000",1일전,"5,000",0.0,1포기
대전,양배추/양배추,당일,"3,500",1일전,"3,500",0.0,1포기
대전,시금치/시금치,당일,"5,625",1일전,"5,625",0.0,1kg
대전,상추/적,당일,850,1일전,840,1.2,100g
대전,상추/청,당일,840,1일전,805,4.4,100g
대전,얼갈이배추/얼갈이배추,당일,"2,840",1일전,"2,813",1.0,1kg
대전,수박/수박,당일,"27,300",1일전,"27,300",0.0,1개
대전,참외/참외,당일,"32,033",1일전,"32,033",0.0,10개
대전,오이/다다기계통,당일,"9,787",1일전,"9,787",0.0,10개
대전,오이/취청,당일,"13,700",1일전,"13,700",0.0,10개
대전,호박/애호박,당일,"1,947",1일전,"1,907",2.1,1개
대전,호박/쥬키니,당일,"1,980",1일전,"1,980",0.0,1개
대전,토마토/토마토,당일,"7,063",1일전,"7,063",0.0,1kg
대전,딸기/딸기,당일,"1,080",1일전,"1,090",0.9,100g
대전,무/월동,당일,"1,570",1일전,"1,570",0.0,1개
대전,당근/무세척,당일,"2,790",1일전,"2,790",0.0,1kg
대전,열무/열무,당일,"4,197",1일전,"4,197",0.0,1kg
대전,건고추/화건,당일,"13,200",1일전,"13,200",0.0,600g
대전,건고추/양건,당일,"15,700",1일전,"15,700",0.0,600g
대전,풋고추/풋고추,당일,"2,160",1일전,"2,160",0.0,100g
대전,풋고추/꽈리고추,당일,"1,367",1일전,"1,347",1.5,100g
대전,풋고추/청양고추,당일,877,1일전,877,0.0,100g
대전,붉은고추/붉은고추,당일,"2,655",1일전,"2,655",0.0,100g
대전,깐마늘(국산)/깐마늘(국산),당일,"13,000",1일전,"12,967",0.3,1kg
대전,양파/양파,당일,"1,920",1일전,"1,973",2.7,1kg
대전,파/대파,당일,"3,040",1일전,"3,040",0.0,1kg
대전,파/쪽파,당일,"4,980",1일전,"4,980",0.0,1kg
대전,생강/국산,당일,"9,363",1일전,"9,363",0.0,1kg
대전,고춧가루/국산,당일,"31,060",1일전,"31,060",0.0,1kg
대전,고춧가루/중국,당일,"13,300",1일전,"13,300",0.0,1kg
대전,미나리/미나리,당일,750,1일전,750,0.0,100g
대전,깻잎/깻잎,당일,"2,297",1일전,"2,297",0.0,100g
대전,피망/청,당일,"1,490",1일전,"1,490",0.0,100g
대전,파프리카/파프리카,당일,"1,570",1일전,"1,570",0.0,200g
대전,멜론/멜론,당일,"14,350",1일전,"13,567",5.8,1개
대전,방울토마토/대추방울토마토,당일,"9,443",1일전,"9,110",3.7,1kg
대전,참깨/백색(국산),당일,"16,300",1일전,"16,300",0.0,500g
대전,땅콩/국산,당일,"3,003",1일전,"3,003",0.0,100g
대전,느타리버섯/느타리버섯,당일,660,1일전,660,0.0,100g
대전,느타리버섯/애느타리버섯,당일,600,1일전,600,0.0,100g
대전,팽이버섯/팽이버섯,당일,600,1일전,600,0.0,150g
대전,새송이버섯/새송이버섯,당일,553,1일전,553,0.0,100g
대전,사과/후지,당일,"28,300",1일전,"23,700",19.4,10개
대전,배/신고,당일,"45,123",1일전,"45,123",0.0,10개
대전,포도/레드글로브 페루,당일,"7,210",1일전,"7,210",0.0,1kg
대전,바나나/수입,당일,330,1일전,323,2.2,100g
대전,참다래/국산,당일,"8,250",1일전,"8,250",0.0,10개
대전,파인애플/수입,당일,"6,365",1일전,"6,115",4.1,1개
대전,오렌지/네이블 미국,당일,"13,950",1일전,"13,950",0.0,10개
대전,레몬/수입,당일,"9,023",1일전,"9,023",0.0,10개
대전,망고/수입,당일,"4,980",1일전,"4,980",0.0,1개
대전,쇠고기/한우등심,당일,"10,920",1일전,"10,590",3.1,100g
대전,쇠고기/한우설도,당일,"5,193",1일전,"4,850",7.1,100g
대전,쇠고기/한우양지,당일,"6,005",1일전,"6,005",0.0,100g
대전,쇠고기/한우안심,당일,"13,690",1일전,"13,690",0.0,100g
대전,쇠고기/호주산갈비,당일,"3,550",1일전,"3,650",2.7,100g
대전,우유/우유,당일,"2,710",1일전,"2,710",0.0,1리터
대전,건미역/건미역,당일,"2,560",1일전,"2,560",0.0,100g
대전,굴/굴,당일,"17,200",1일전,"17,200",0.0,1kg
대전,새우젓/새우젓,당일,"22,900",1일전,"22,900",0.0,1kg
대전,멸치액젓/멸치액젓,당일,"5,213",1일전,"5,213",0.0,1kg
대전,굵은소금/굵은소금,당일,"11,830",1일전,"11,830",0.0,5kg
대전,콩나물/풀무원 국산콩 콩나물 340g,당일,"2,600",1일전,"2,600",0.0,1봉
대전,맛김(조미김)/동원에프앤비 양반 들기름김 5g×20봉,당일,"7,980",1일전,"7,980",0.0,1묶음
대전,간장/샘표 양조간장 501 1.8L,당일,"13,660",1일전,"13,660",0.0,1개
대전,된장/청정원 재래식 생된장 1kg,당일,"8,100",1일전,"8,100",0.0,1개
대전,고추장/해찬들 우리쌀로만든 태양초고추장 1kg,당일,"18,000",1일전,"18,000",0.0,1개
대전,김치/대상 종가집 포기김치 3.3kg,당일,"28,800",1일전,"28,800",0.0,1개
대전,두부/풀무원 국산콩 300g×2,당일,"5,480",1일전,"5,480",0.0,1개
대전,즉석밥/CJ 햇반 백미밥 210g×8개,당일,"9,945",1일전,"9,945",0.0,1묶음
대전,쌀/일반계,당일,"52,300",1일전,"52,300",0.0,20kg
대전,찹쌀/일반계,당일,"115,000",1일전,"115,000",0.0,40kg
대전,콩/흰 콩(국산),당일,"199,000",1일전,"200,000",0.5,35kg
대전,팥/붉은 팥(국산),당일,"346,000",1일전,"346,000",0.0,40kg
대전,고구마/밤,당일,"31,200",1일전,"29,700",5.1,10kg
대전,감자/수미,당일,"46,500",1일전,"40,700",14.3,20kg
대전,배추/월동,당일,"13,100",1일전,"12,400",5.7,10kg
대전,양배추/양배추,당일,"9,800",1일전,"9,800",0.0,8kg
대전,시금치/시금치,당일,"14,300",1일전,"13,600",5.2,4kg
대전,상추/적,당일,"22,000",1일전,"21,500",2.3,4kg
대전,상추/청,당일,"16,200",1일전,"15,700",3.2,4kg
대전,얼갈이배추/얼갈이배추,당일,"8,330",1일전,"6,660",25.1,4kg
대전,수박/수박,당일,"19,300",1일전,"19,300",0.0,1개
대전,참외/참외,당일,"80,000",1일전,"80,000",0.0,10kg
대전,오이/다다기계통,당일,"81,700",1일전,"76,500",6.8,100개
대전,오이/취청,당일,"50,000",1일전,"49,500",1.0,50개
대전,호박/애호박,당일,"29,200",1일전,"30,000",2.7,20개
대전,호박/쥬키니,당일,"25,200",1일전,"26,000",3.1,10kg
대전,토마토/토마토,당일,"39,000",1일전,"39,000",0.0,10kg
대전,딸기/딸기,당일,"24,300",1일전,"24,300",0.0,2kg
대전,무/월동,당일,"10,800",1일전,"10,700",0.9,20kg
대전,당근/무세척,당일,"34,000",1일전,"32,300",5.3,20kg
대전,열무/열무,당일,"14,600",1일전,"15,000",2.7,4kg
대전,건고추/화건,당일,"483,000",1일전,"483,000",0.0,30kg
대전,건고추/양건,당일,"616,000",1일전,"616,000",0.0,30kg
대전,풋고추/풋고추,당일,"74,000",1일전,"70,000",5.7,10kg
대전,풋고추/꽈리고추,당일,"32,600",1일전,"32,600",0.0,4kg
대전,풋고추/청양고추,당일,"39,300",1일전,"39,300",0.0,10kg
대전,붉은고추/붉은고추,당일,"153,000",1일전,"146,000",4.8,10kg
대전,피마늘/한지,당일,"95,000",1일전,"95,000",0.0,10kg
대전,깐마늘(국산)/깐마늘(대서),당일,"177,000",1일전,"167,000",6.0,20kg
대전,양파/양파,당일,"10,500",1일전,"10,500",0.0,20kg
대전,파/대파,당일,"1,330",1일전,"1,250",6.4,1kg
대전,파/쪽파,당일,"3,500",1일전,"4,000",12.5,1kg
대전,생강/국산,당일,"70,000",1일전,"70,000",0.0,20kg
대전,미나리/미나리,당일,"75,000",1일전,"85,000",11.8,15kg
대전,깻잎/깻잎,당일,"35,000",1일전,"37,600",6.9,2kg
대전,피망/청,당일,"45,600",1일전,"45,000",1.3,10kg
대전,파프리카/파프리카,당일,"27,300",1일전,"26,600",2.6,5kg
대전,멜론/멜론,당일,"36,000",1일전,"36,000",0.0,8kg
대전,방울토마토/대추방울토마토,당일,"7,500",1일전,"7,500",0.0,1kg
대전,참깨/백색(국산),당일,"880,000",1일전,"880,000",0.0,30kg
대전,들깨/국산,당일,"645,000",1일전,"645,000",0.0,45kg
대전,땅콩/국산,당일,"345,000",1일전,"345,000",0.0,30kg
대전,느타리버섯/느타리버섯,당일,"12,600",1일전,"10,000",26.0,2kg
대전,느타리버섯/애느타리버섯,당일,"8,330",1일전,"8,330",0.0,2kg
대전,팽이버섯/팽이버섯,당일,"16,000",1일전,"16,000",0.0,5kg
대전,새송이버섯/새송이버섯,당일,"9,000",1일전,"9,000",0.0,2kg
대전,사과/후지,당일,"40,000",1일전,"40,000",0.0,10kg
대전,배/신고,당일,"55,000",1일전,"55,000",0.0,15kg
대전,바나나/수입,당일,"32,000",1일전,"31,000",3.2,13kg
대전,참다래/국산,당일,"45,600",1일전,"45,600",0.0,10kg
대전,파인애플/수입,당일,"31,300",1일전,"31,300",0.0,12kg
대전,오렌지/네이블 미국,당일,"78,000",1일전,[],[],18kg
대전,레몬/수입,당일,"57,600",1일전,"59,300",2.9,17kg
대전,망고/수입,당일,"44,000",1일전,"45,000",2.2,5kg
대전,건미역/건미역,당일,"11,500",1일전,"11,500",0.0,1kg
대전,굴/굴,당일,"10,800",1일전,"10,800",0.0,1kg
울산,쌀/일반계,당일,"52,950",1일전,"52,950",0.0,20kg
울산,찹쌀/일반계,당일,"3,815",1일전,"3,815",0.0,1kg
울산,콩/흰 콩(국산),당일,"5,685",1일전,"5,685",0.0,500g
울산,팥/붉은 팥(국산),당일,"8,795",1일전,"8,795",0.0,500g
울산,녹두/국산,당일,"10,000",1일전,"10,000",0.0,500g
울산,고구마/밤,당일,"5,165",1일전,"5,165",0.0,1kg
울산,감자/수미,당일,495,1일전,495,0.0,100g
울산,배추/월동,당일,"5,000",1일전,"5,000",0.0,1포기
울산,양배추/양배추,당일,"3,660",1일전,"3,660",0.0,1포기
울산,시금치/시금치,당일,"8,260",1일전,"8,260",0.0,1kg
울산,상추/적,당일,750,1일전,780,3.9,100g
울산,상추/청,당일,"1,240",1일전,"1,240",0.0,100g
울산,얼갈이배추/얼갈이배추,당일,"3,640",1일전,"3,640",0.0,1kg
울산,참외/참외,당일,"31,240",1일전,"31,240",0.0,10개
울산,오이/가시계통,당일,"14,115",1일전,"14,115",0.0,10개
울산,오이/다다기계통,당일,"10,390",1일전,"10,390",0.0,10개
울산,호박/애호박,당일,"1,775",1일전,"1,775",0.0,1개
울산,호박/쥬키니,당일,"2,490",1일전,"2,490",0.0,1개
울산,토마토/토마토,당일,"5,240",1일전,"5,240",0.0,1kg
울산,딸기/딸기,당일,"1,260",1일전,"1,260",0.0,100g
울산,무/월동,당일,"2,000",1일전,"2,000",0.0,1개
울산,당근/무세척,당일,"2,930",1일전,"2,930",0.0,1kg
울산,열무/열무,당일,"4,345",1일전,"4,095",6.1,1kg
울산,건고추/양건,당일,"17,000",1일전,"17,000",0.0,600g
울산,풋고추/풋고추,당일,"1,260",1일전,"1,260",0.0,100g
울산,풋고추/꽈리고추,당일,"1,330",1일전,"1,345",1.1,100g
울산,풋고추/청양고추,당일,"1,130",1일전,"1,130",0.0,100g
울산,붉은고추/붉은고추,당일,"2,160",1일전,"2,160",0.0,100g
울산,깐마늘(국산)/깐마늘(국산),당일,"13,315",1일전,"13,315",0.0,1kg
울산,양파/양파,당일,"1,965",1일전,"1,965",0.0,1kg
울산,파/대파,당일,"2,950",1일전,"2,950",0.0,1kg
울산,파/쪽파,당일,"4,230",1일전,"4,230",0.0,1kg
울산,생강/국산,당일,"8,800",1일전,"8,800",0.0,1kg
울산,고춧가루/국산,당일,"31,800",1일전,"31,800",0.0,1kg
울산,고춧가루/중국,당일,"13,000",1일전,"13,000",0.0,1kg
울산,미나리/미나리,당일,700,1일전,700,0.0,100g
울산,깻잎/깻잎,당일,"2,535",1일전,"2,535",0.0,100g
울산,피망/청,당일,"1,250",1일전,"1,250",0.0,100g
울산,파프리카/파프리카,당일,"2,075",1일전,"2,075",0.0,200g
울산,방울토마토/방울토마토,당일,"9,920",1일전,"9,920",0.0,1kg
울산,방울토마토/대추방울토마토,당일,"9,625",1일전,"9,625",0.0,1kg
울산,참깨/백색(국산),당일,"16,600",1일전,"16,600",0.0,500g
울산,땅콩/국산,당일,"2,280",1일전,"2,280",0.0,100g
울산,느타리버섯/애느타리버섯,당일,600,1일전,600,0.0,100g
울산,팽이버섯/팽이버섯,당일,570,1일전,570,0.0,150g
울산,새송이버섯/새송이버섯,당일,565,1일전,565,0.0,100g
울산,사과/후지,당일,"24,950",1일전,"24,950",0.0,10개
울산,배/신고,당일,"35,640",1일전,"35,640",0.0,10개
울산,포도/레드글로브 페루,당일,"7,770",1일전,"7,770",0.0,1kg
울산,바나나/수입,당일,280,1일전,280,0.0,100g
울산,참다래/국산,당일,"11,990",1일전,"11,990",0.0,10개
울산,레몬/수입,당일,"13,900",1일전,"13,900",0.0,10개
울산,쇠고기/한우등심,당일,"10,000",1일전,"10,000",0.0,100g
울산,쇠고기/한우설도,당일,"4,560",1일전,"4,560",0.0,100g
울산,쇠고기/한우양지,당일,"4,730",1일전,"4,730",0.0,100g
울산,쇠고기/한우안심,당일,"10,600",1일전,"10,600",0.0,100g
울산,쇠고기/미국산갈비살,당일,"2,590",1일전,"2,590",0.0,100g
울산,우유/우유,당일,"2,710",1일전,"2,710",0.0,1리터
울산,건미역/건미역,당일,"3,645",1일전,"3,645",0.0,100g
울산,새우젓/새우젓,당일,"19,740",1일전,"19,740",0.0,1kg
울산,멸치액젓/멸치액젓,당일,"5,825",1일전,"5,825",0.0,1kg
울산,굵은소금/굵은소금,당일,"8,245",1일전,"8,245",0.0,5kg
울산,콩나물/풀무원 국산콩 콩나물 340g,당일,"2,600",1일전,"2,600",0.0,1봉
울산,맛김(조미김)/동원에프앤비 양반 들기름김 5g×20봉,당일,"7,990",1일전,"7,990",0.0,1묶음
울산,간장/샘표 양조간장 501 1.8L,당일,"13,660",1일전,"13,660",0.0,1개
울산,된장/청정원 재래식 생된장 1kg,당일,"8,100",1일전,"8,100",0.0,1개
울산,고추장/해찬들 우리쌀로만든 태양초고추장 1kg,당일,"9,000",1일전,"9,000",0.0,1개
울산,김치/대상 종가집 포기김치 3.3kg,당일,"28,800",1일전,"28,800",0.0,1개
울산,즉석밥/CJ 햇반 백미밥 210g×8개,당일,"9,900",1일전,"9,900",0.0,1묶음
울산,두부/풀무원 국산콩 300g×2,당일,"5,490",1일전,"5,490",0.0,1개
수원,쌀/일반계,당일,"52,400",1일전,"52,400",0.0,20kg
수원,찹쌀/일반계,당일,"4,480",1일전,"4,480",0.0,1kg
수원,콩/흰 콩(국산),당일,"4,830",1일전,"4,830",0.0,500g
수원,팥/붉은 팥(국산),당일,"6,200",1일전,"6,200",0.0,500g
수원,녹두/국산,당일,"14,050",1일전,"14,050",0.0,500g
수원,고구마/밤,당일,"4,490",1일전,"4,490",0.0,1kg
수원,감자/수미,당일,475,1일전,475,0.0,100g
수원,배추/월동,당일,"4,410",1일전,"4,410",0.0,1포기
수원,양배추/양배추,당일,"3,660",1일전,"3,660",0.0,1포기
수원,시금치/시금치,당일,"3,860",1일전,"3,860",0.0,1kg
수원,상추/적,당일,835,1일전,835,0.0,100g
수원,상추/청,당일,835,1일전,835,0.0,100g
수원,얼갈이배추/얼갈이배추,당일,"2,440",1일전,"2,315",5.4,1kg
수원,참외/참외,당일,"26,000",1일전,"25,800",0.8,10개
수원,오이/다다기계통,당일,"8,865",1일전,"8,865",0.0,10개
수원,오이/취청,당일,"18,270",1일전,"18,270",0.0,10개
수원,호박/애호박,당일,"2,000",1일전,"2,000",0.0,1개
수원,토마토/토마토,당일,"4,575",1일전,"4,575",0.0,1kg
수원,딸기/딸기,당일,"1,160",1일전,"1,145",1.3,100g
수원,무/월동,당일,"1,675",1일전,"1,675",0.0,1개
수원,당근/무세척,당일,"2,515",1일전,"2,515",0.0,1kg
수원,열무/열무,당일,"3,315",1일전,"3,100",6.9,1kg
수원,건고추/양건,당일,"17,750",1일전,"17,750",0.0,600g
수원,풋고추/풋고추,당일,"1,630",1일전,"1,630",0.0,100g
수원,풋고추/꽈리고추,당일,"1,295",1일전,"1,295",0.0,100g
수원,풋고추/청양고추,당일,665,1일전,665,0.0,100g
수원,붉은고추/붉은고추,당일,"2,260",1일전,"2,115",6.9,100g
수원,깐마늘(국산)/깐마늘(국산),당일,"10,250",1일전,"10,250",0.0,1kg
수원,양파/양파,당일,"1,695",1일전,"1,695",0.0,1kg
수원,파/대파,당일,"2,040",1일전,"2,090",2.4,1kg
수원,파/쪽파,당일,"3,580",1일전,"3,415",4.8,1kg
수원,생강/국산,당일,"6,200",1일전,"6,200",0.0,1kg
수원,고춧가루/국산,당일,"30,100",1일전,"28,750",4.7,1kg
수원,고춧가루/중국,당일,"14,600",1일전,"14,600",0.0,1kg
수원,미나리/미나리,당일,750,1일전,690,8.7,100g
수원,깻잎/깻잎,당일,"2,130",1일전,"2,130",0.0,100g
수원,피망/청,당일,"1,090",1일전,"1,090",0.0,100g
수원,파프리카/파프리카,당일,"1,320",1일전,"1,320",0.0,200g
수원,방울토마토/대추방울토마토,당일,"8,430",1일전,"8,430",0.0,1kg
수원,참깨/백색(국산),당일,"18,900",1일전,"18,900",0.0,500g
수원,땅콩/국산,당일,"2,740",1일전,"2,740",0.0,100g
수원,느타리버섯/느타리버섯,당일,955,1일전,955,0.0,100g
수원,느타리버섯/애느타리버섯,당일,630,1일전,630,0.0,100g
수원,팽이버섯/팽이버섯,당일,610,1일전,610,0.0,150g
수원,새송이버섯/새송이버섯,당일,800,1일전,800,0.0,100g
수원,사과/후지,당일,"29,800",1일전,"29,800",0.0,10개
수원,배/신고,당일,"36,650",1일전,"36,650",0.0,10개
수원,바나나/수입,당일,310,1일전,310,0.0,100g
수원,참다래/국산,당일,"8,120",1일전,"8,120",0.0,10개
수원,오렌지/네이블 미국,당일,"12,100",1일전,[],[],10개
수원,레몬/수입,당일,"9,330",1일전,"9,330",0.0,10개
수원,쇠고기/한우등심,당일,"8,990",1일전,"8,990",0.0,100g
수원,쇠고기/한우설도,당일,"4,190",1일전,"4,190",0.0,100g
수원,쇠고기/한우양지,당일,"7,490",1일전,"7,490",0.0,100g
수원,쇠고기/한우안심,당일,"14,090",1일전,"14,090",0.0,100g
수원,우유/우유,당일,"2,710",1일전,"2,710",0.0,1리터
수원,건미역/건미역,당일,"2,180",1일전,"2,180",0.0,100g
수원,굴/굴,당일,"19,100",1일전,"22,550",15.3,1kg
수원,새우젓/새우젓,당일,"20,000",1일전,"20,000",0.0,1kg
수원,멸치액젓/멸치액젓,당일,"5,100",1일전,"5,100",0.0,1kg
수원,굵은소금/굵은소금,당일,"11,575",1일전,"11,575",0.0,5kg
수원,콩나물/풀무원 국산콩 콩나물 340g,당일,"2,780",1일전,"2,780",0.0,1봉
수원,맛김(조미김)/동원에프앤비 양반 들기름김 5g×20봉,당일,"8,340",1일전,"8,340",0.0,1묶음
수원,간장/샘표 양조간장 501 1.8L,당일,"13,660",1일전,"13,660",0.0,1개
수원,된장/청정원 재래식 생된장 1kg,당일,"8,100",1일전,"8,100",0.0,1개
수원,고추장/해찬들 우리쌀로만든 태양초고추장 1kg,당일,"18,000",1일전,"18,000",0.0,1개
수원,김치/대상 종가집 포기김치 3.3kg,당일,"28,800",1일전,"28,800",0.0,1개
수원,즉석밥/CJ 햇반 백미밥 210g×8개,당일,"8,980",1일전,"8,980",0.0,1묶음
수원,두부/풀무원 국산콩 300g×2,당일,"5,280",1일전,"5,280",0.0,1개
춘천,쌀/일반계,당일,"54,450",1일전,"54,450",0.0,20kg
춘천,찹쌀/일반계,당일,"5,470",1일전,"5,470",0.0,1kg
춘천,콩/흰 콩(국산),당일,"6,280",1일전,"6,280",0.0,500g
춘천,팥/붉은 팥(국산),당일,"8,960",1일전,"8,960",0.0,500g
춘천,녹두/국산,당일,"10,300",1일전,"10,300",0.0,500g
춘천,고구마/밤,당일,"5,495",1일전,"5,495",0.0,1kg
춘천,감자/수미,당일,525,1일전,525,0.0,100g
춘천,배추/월동,당일,"5,160",1일전,"5,500",6.2,1포기
춘천,양배추/양배추,당일,"4,495",1일전,"4,495",0.0,1포기
춘천,시금치/시금치,당일,"5,730",1일전,"5,730",0.0,1kg
춘천,상추/적,당일,860,1일전,860,0.0,100g
춘천,얼갈이배추/얼갈이배추,당일,"2,500",1일전,"2,500",0.0,1kg
춘천,참외/참외,당일,"29,750",1일전,"29,750",0.0,10개
춘천,오이/다다기계통,당일,"10,290",1일전,"10,290",0.0,10개
춘천,호박/애호박,당일,"2,075",1일전,"2,075",0.0,1개
춘천,호박/쥬키니,당일,"1,990",1일전,"1,990",0.0,1개
춘천,토마토/토마토,당일,"8,990",1일전,[],[],1kg
춘천,딸기/딸기,당일,"1,160",1일전,"1,160",0.0,100g
춘천,무/월동,당일,"2,160",1일전,"2,160",0.0,1개
춘천,당근/무세척,당일,"3,145",1일전,"3,145",0.0,1kg
춘천,열무/열무,당일,"3,300",1일전,"3,300",0.0,1kg
춘천,풋고추/풋고추,당일,"2,330",1일전,"2,330",0.0,100g
춘천,풋고추/꽈리고추,당일,"1,330",1일전,"1,330",0.0,100g
춘천,풋고추/청양고추,당일,870,1일전,925,6.0,100g
춘천,붉은고추/붉은고추,당일,"2,080",1일전,"2,080",0.0,100g
춘천,깐마늘(국산)/깐마늘(국산),당일,"12,685",1일전,"12,685",0.0,1kg
춘천,양파/양파,당일,"2,110",1일전,"2,110",0.0,1kg
춘천,파/대파,당일,"2,800",1일전,"2,800",0.0,1kg
춘천,파/쪽파,당일,"4,760",1일전,"4,760",0.0,1kg
춘천,생강/국산,당일,"9,750",1일전,"9,750",0.0,1kg
춘천,고춧가루/중국,당일,"13,300",1일전,"13,300",0.0,1kg
춘천,고춧가루/국산,당일,"29,900",1일전,"29,900",0.0,1kg
춘천,깻잎/깻잎,당일,"2,830",1일전,"2,830",0.0,100g
춘천,피망/청,당일,"1,490",1일전,"1,490",0.0,100g
춘천,파프리카/파프리카,당일,"1,695",1일전,"1,695",0.0,200g
춘천,멜론/멜론,당일,"12,900",1일전,"12,900",0.0,1개
춘천,방울토마토/방울토마토,당일,"11,990",1일전,"11,990",0.0,1kg
춘천,방울토마토/대추방울토마토,당일,"8,995",1일전,"8,995",0.0,1kg
춘천,참깨/백색(국산),당일,"16,600",1일전,"16,600",0.0,500g
춘천,땅콩/국산,당일,"3,160",1일전,"3,160",0.0,100g
춘천,느타리버섯/느타리버섯,당일,"1,500",1일전,"1,500",0.0,100g
춘천,느타리버섯/애느타리버섯,당일,630,1일전,630,0.0,100g
춘천,팽이버섯/팽이버섯,당일,615,1일전,615,0.0,150g
춘천,새송이버섯/새송이버섯,당일,580,1일전,580,0.0,100g
춘천,사과/후지,당일,"27,500",1일전,"27,500",0.0,10개
춘천,배/신고,당일,"42,335",1일전,"42,335",0.0,10개
춘천,참다래/국산,당일,"8,880",1일전,"8,880",0.0,10개
춘천,오렌지/네이블 미국,당일,"12,800",1일전,"12,800",0.0,10개
춘천,쇠고기/한우등심,당일,"11,400",1일전,"11,400",0.0,100g
춘천,쇠고기/한우설도,당일,"4,850",1일전,"4,850",0.0,100g
춘천,쇠고기/한우양지,당일,"6,050",1일전,"6,050",0.0,100g
춘천,쇠고기/미국산갈비살,당일,"2,980",1일전,"2,980",0.0,100g
춘천,우유/우유,당일,"2,710",1일전,"2,710",0.0,1리터
춘천,건미역/건미역,당일,"2,885",1일전,"2,885",0.0,100g
춘천,멸치액젓/멸치액젓,당일,"5,615",1일전,"5,615",0.0,1kg
춘천,굵은소금/굵은소금,당일,"11,450",1일전,"11,450",0.0,5kg
춘천,콩나물/풀무원 국산콩 콩나물 340g,당일,"2,600",1일전,"2,600",0.0,1봉
춘천,맛김(조미김)/동원에프앤비 양반 들기름김 5g×20봉,당일,"7,980",1일전,"7,980",0.0,1묶음
춘천,간장/샘표 양조간장 501 1.8L,당일,"13,660",1일전,"13,660",0.0,1개
춘천,고추장/해찬들 우리쌀로만든 태양초고추장 1kg,당일,"18,000",1일전,"18,000",0.0,1개
춘천,김치/대상 종가집 포기김치 3.3kg,당일,"28,800",1일전,"28,800",0.0,1개
춘천,두부/풀무원 국산콩 300g×2,당일,"5,480",1일전,"5,480",0.0,1개
춘천,즉석밥/CJ 햇반 백미밥 210g×8개,당일,"9,990",1일전,"9,990",0.0,1묶음
춘천,된장/청정원 재래식 생된장 1kg,당일,"8,100",1일전,"8,100",0.0,1개
청주,쌀/일반계,당일,"53,750",1일전,"53,750",0.0,20kg
청주,찹쌀/일반계,당일,"4,200",1일전,"4,200",0.0,1kg
청주,콩/흰 콩(국산),당일,"4,380",1일전,"4,380",0.0,500g
청주,팥/붉은 팥(국산),당일,"6,550",1일전,"6,550",0.0,500g
청주,고구마/밤,당일,"4,905",1일전,"4,990",1.7,1kg
청주,감자/수미,당일,400,1일전,400,0.0,100g
청주,배추/월동,당일,"4,890",1일전,"4,805",1.8,1포기
청주,양배추/양배추,당일,"4,580",1일전,"4,580",0.0,1포기
청주,시금치/시금치,당일,"4,895",1일전,"4,895",0.0,1kg
청주,상추/적,당일,820,1일전,820,0.0,100g
청주,상추/청,당일,820,1일전,820,0.0,100g
청주,얼갈이배추/얼갈이배추,당일,"1,990",1일전,"1,990",0.0,1kg
청주,수박/수박,당일,"30,000",1일전,"30,000",0.0,1개
청주,참외/참외,당일,"27,250",1일전,"26,400",3.2,10개
청주,오이/다다기계통,당일,"10,850",1일전,"10,850",0.0,10개
청주,오이/취청,당일,"18,270",1일전,"18,270",0.0,10개
청주,호박/애호박,당일,"1,565",1일전,"1,565",0.0,1개
청주,토마토/토마토,당일,"4,245",1일전,"4,245",0.0,1kg
청주,딸기/딸기,당일,"1,045",1일전,"1,045",0.0,100g
청주,무/월동,당일,"1,790",1일전,"1,790",0.0,1개
청주,당근/무세척,당일,"2,900",1일전,"2,900",0.0,1kg
청주,열무/열무,당일,"2,740",1일전,"2,590",5.8,1kg
청주,건고추/화건,당일,"12,300",1일전,"12,300",0.0,600g
청주,풋고추/꽈리고추,당일,"1,205",1일전,"1,205",0.0,100g
청주,풋고추/청양고추,당일,910,1일전,830,9.6,100g
청주,붉은고추/붉은고추,당일,"2,325",1일전,"2,325",0.0,100g
청주,깐마늘(국산)/깐마늘(국산),당일,"10,815",1일전,"10,815",0.0,1kg
청주,양파/양파,당일,"1,800",1일전,"1,885",4.5,1kg
청주,파/대파,당일,"1,840",1일전,"1,840",0.0,1kg
청주,파/쪽파,당일,"4,730",1일전,"4,730",0.0,1kg
청주,생강/국산,당일,"7,990",1일전,"7,990",0.0,1kg
청주,고춧가루/중국,당일,"12,600",1일전,"12,600",0.0,1kg
청주,고춧가루/국산,당일,"26,150",1일전,"26,150",0.0,1kg
청주,깻잎/깻잎,당일,"2,980",1일전,"2,980",0.0,100g
청주,피망/청,당일,"1,500",1일전,"1,500",0.0,100g
청주,파프리카/파프리카,당일,"1,705",1일전,"1,705",0.0,200g
청주,방울토마토/대추방울토마토,당일,"7,490",1일전,"7,300",2.6,1kg
청주,참깨/백색(국산),당일,"18,250",1일전,"18,250",0.0,500g
청주,땅콩/국산,당일,"2,600",1일전,"2,600",0.0,100g
청주,팽이버섯/팽이버섯,당일,675,1일전,675,0.0,150g
청주,사과/후지,당일,"26,600",1일전,"26,600",0.0,10개
청주,배/신고,당일,"35,665",1일전,"35,665",0.0,10개
청주,바나나/수입,당일,300,1일전,300,0.0,100g
청주,참다래/국산,당일,"7,500",1일전,"7,500",0.0,10개
청주,파인애플/수입,당일,"6,330",1일전,"6,330",0.0,1개
청주,쇠고기/한우등심,당일,"10,890",1일전,"10,890",0.0,100g
청주,쇠고기/한우설도,당일,"4,545",1일전,"4,545",0.0,100g
청주,쇠고기/한우양지,당일,"6,350",1일전,"6,350",0.0,100g
청주,쇠고기/한우안심,당일,"13,800",1일전,"13,800",0.0,100g
청주,우유/우유,당일,"2,710",1일전,"2,710",0.0,1리터
청주,건미역/건미역,당일,"2,455",1일전,"2,455",0.0,100g
청주,새우젓/새우젓,당일,"26,300",1일전,"26,300",0.0,1kg
청주,멸치액젓/멸치액젓,당일,"4,750",1일전,"4,750",0.0,1kg
청주,굵은소금/굵은소금,당일,"11,740",1일전,"11,740",0.0,5kg
청주,간장/샘표 양조간장 501 1.8L,당일,"13,660",1일전,"13,660",0.0,1개
청주,맛김(조미김)/동원에프앤비 양반 들기름김 5g×20봉,당일,"5,910",1일전,"5,910",0.0,1묶음
청주,김치/대상 종가집 포기김치 3.3kg,당일,"26,000",1일전,"26,000",0.0,1개
청주,두부/풀무원 국산콩 300g×2,당일,"5,280",1일전,"5,280",0.0,1개
청주,즉석밥/CJ 햇반 백미밥 210g×8개,당일,"9,900",1일전,"9,900",0.0,1묶음
청주,된장/청정원 재래식 생된장 1kg,당일,"8,100",1일전,"8,100",0.0,1개
청주,고추장/해찬들 우리쌀로만든 태양초고추장 1kg,당일,"18,000",1일전,"18,000",0.0,1개
청주,콩나물/풀무원 국산콩 콩나물 340g,당일,"2,600",1일전,"2,600",0.0,1봉
전주,쌀/일반계,당일,"54,100",1일전,"54,450",0.6,20kg
전주,찹쌀/일반계,당일,"5,240",1일전,"5,240",0.0,1kg
전주,콩/흰 콩(국산),당일,"4,570",1일전,"4,570",0.0,500g
전주,팥/붉은 팥(국산),당일,"6,405",1일전,"6,405",0.0,500g
전주,녹두/국산,당일,"8,830",1일전,"8,830",0.0,500g
전주,고구마/밤,당일,"5,490",1일전,"5,490",0.0,1kg
전주,감자/수미,당일,455,1일전,455,0.0,100g
전주,배추/월동,당일,"4,250",1일전,"4,250",0.0,1포기
전주,양배추/양배추,당일,"3,830",1일전,"3,830",0.0,1포기
전주,상추/적,당일,670,1일전,670,0.0,100g
전주,상추/청,당일,665,1일전,615,8.1,100g
전주,얼갈이배추/얼갈이배추,당일,"2,465",1일전,"2,465",0.0,1kg
전주,참외/참외,당일,"29,875",1일전,"29,025",2.9,10개
전주,오이/다다기계통,당일,"9,960",1일전,"9,960",0.0,10개
전주,오이/취청,당일,"13,350",1일전,"13,350",0.0,10개
전주,호박/애호박,당일,"1,820",1일전,"1,820",0.0,1개
전주,토마토/토마토,당일,"5,955",1일전,"5,955",0.0,1kg
전주,딸기/딸기,당일,"1,345",1일전,"1,225",9.8,100g
전주,무/월동,당일,"1,570",1일전,"1,570",0.0,1개
전주,당근/무세척,당일,"2,890",1일전,"2,890",0.0,1kg
전주,건고추/화건,당일,"10,600",1일전,"10,600",0.0,600g
전주,풋고추/풋고추,당일,"1,990",1일전,"1,990",0.0,100g
전주,풋고추/꽈리고추,당일,"1,135",1일전,"1,060",7.1,100g
전주,풋고추/청양고추,당일,840,1일전,890,5.6,100g
전주,붉은고추/붉은고추,당일,"2,650",1일전,"2,650",0.0,100g
전주,깐마늘(국산)/깐마늘(국산),당일,"12,045",1일전,"12,045",0.0,1kg
전주,양파/양파,당일,"1,715",1일전,"1,715",0.0,1kg
전주,파/대파,당일,"2,530",1일전,"2,530",0.0,1kg
전주,파/쪽파,당일,"3,330",1일전,"3,330",0.0,1kg
전주,생강/국산,당일,"8,500",1일전,"8,500",0.0,1kg
전주,고춧가루/국산,당일,"30,000",1일전,"30,000",0.0,1kg
전주,고춧가루/중국,당일,"11,400",1일전,"11,400",0.0,1kg
전주,미나리/미나리,당일,630,1일전,630,0.0,100g
전주,깻잎/깻잎,당일,"2,000",1일전,"2,000",0.0,100g
전주,피망/청,당일,"1,095",1일전,"1,095",0.0,100g
전주,파프리카/파프리카,당일,"1,580",1일전,"1,655",4.5,200g
전주,멜론/멜론,당일,"15,800",1일전,"15,800",0.0,1개
전주,방울토마토/방울토마토,당일,"9,830",1일전,"9,830",0.0,1kg
전주,방울토마토/대추방울토마토,당일,"9,765",1일전,"9,765",0.0,1kg
전주,참깨/백색(국산),당일,"14,300",1일전,"14,300",0.0,500g
전주,땅콩/국산,당일,"2,850",1일전,"2,850",0.0,100g
전주,느타리버섯/느타리버섯,당일,770,1일전,770,0.0,100g
전주,팽이버섯/팽이버섯,당일,580,1일전,580,0.0,150g
전주,새송이버섯/새송이버섯,당일,570,1일전,570,0.0,100g
전주,사과/후지,당일,"25,000",1일전,"25,000",0.0,10개
전주,배/신고,당일,"35,000",1일전,"35,000",0.0,10개
전주,포도/레드글로브 페루,당일,"7,210",1일전,"7,210",0.0,1kg
전주,참다래/국산,당일,"9,000",1일전,"9,000",0.0,10개
전주,파인애플/수입,당일,"6,240",1일전,"6,240",0.0,1개
전주,오렌지/네이블 미국,당일,"12,500",1일전,"12,500",0.0,10개
전주,레몬/수입,당일,"8,730",1일전,"8,730",0.0,10개
전주,망고/수입,당일,"4,980",1일전,"4,980",0.0,1개
전주,쇠고기/한우등심,당일,"11,580",1일전,"11,580",0.0,100g
전주,쇠고기/한우설도,당일,"5,025",1일전,"5,025",0.0,100g
전주,쇠고기/한우양지,당일,"6,270",1일전,"6,270",0.0,100g
전주,쇠고기/한우안심,당일,"16,880",1일전,"16,880",0.0,100g
전주,쇠고기/미국산갈비살,당일,"2,680",1일전,"2,680",0.0,100g
전주,쇠고기/호주산갈비,당일,"3,580",1일전,"3,780",5.3,100g
전주,우유/우유,당일,"2,710",1일전,"2,710",0.0,1리터
전주,건미역/건미역,당일,"2,110",1일전,"2,110",0.0,100g
전주,새우젓/새우젓,당일,"21,650",1일전,"21,650",0.0,1kg
전주,멸치액젓/멸치액젓,당일,"4,840",1일전,"4,840",0.0,1kg
전주,굵은소금/굵은소금,당일,"9,315",1일전,"9,315",0.0,5kg
전주,콩나물/풀무원 국산콩 콩나물 340g,당일,"2,600",1일전,"2,600",0.0,1봉
전주,맛김(조미김)/동원에프앤비 양반 들기름김 5g×20봉,당일,"7,980",1일전,"7,980",0.0,1묶음
전주,간장/샘표 양조간장 501 1.8L,당일,"13,660",1일전,"13,660",0.0,1개
전주,된장/청정원 재래식 생된장 1kg,당일,"8,100",1일전,"8,100",0.0,1개
전주,고추장/해찬들 우리쌀로만든 태양초고추장 1kg,당일,"18,000",1일전,"18,000",0.0,1개
전주,김치/대상 종가집 포기김치 3.3kg,당일,"28,800",1일전,"28,800",0.0,1개
전주,즉석밥/CJ 햇반 백미밥 210g×8개,당일,"9,900",1일전,"9,900",0.0,1묶음
전주,두부/풀무원 국산콩 300g×2,당일,"5,480",1일전,"5,480",0.0,1개
포항,쌀/일반계,당일,"53,700",1일전,"53,700",0.0,20kg
포항,찹쌀/일반계,당일,"4,070",1일전,"4,070",0.0,1kg
포항,콩/흰 콩(국산),당일,"6,935",1일전,"6,935",0.0,500g
포항,팥/붉은 팥(국산),당일,"9,680",1일전,"9,680",0.0,500g
포항,녹두/국산,당일,"11,800",1일전,"11,800",0.0,500g
포항,고구마/밤,당일,"4,660",1일전,"4,660",0.0,1kg
포항,감자/수미,당일,530,1일전,530,0.0,100g
포항,배추/월동,당일,"5,000",1일전,"5,000",0.0,1포기
포항,양배추/양배추,당일,"4,000",1일전,"4,000",0.0,1포기
포항,시금치/시금치,당일,"5,120",1일전,"5,120",0.0,1kg
포항,상추/적,당일,745,1일전,745,0.0,100g
포항,상추/청,당일,740,1일전,740,0.0,100g
포항,얼갈이배추/얼갈이배추,당일,"2,665",1일전,"2,555",4.3,1kg
포항,참외/참외,당일,"29,025",1일전,"29,025",0.0,10개
포항,오이/가시계통,당일,"13,500",1일전,"13,000",3.9,10개
포항,오이/다다기계통,당일,"10,600",1일전,"10,600",0.0,10개
포항,호박/애호박,당일,"1,910",1일전,"1,875",1.9,1개
포항,호박/쥬키니,당일,"1,910",1일전,"1,745",9.5,1개
포항,토마토/토마토,당일,"6,495",1일전,"6,495",0.0,1kg
포항,딸기/딸기,당일,"1,280",1일전,"1,280",0.0,100g
포항,무/월동,당일,"1,825",1일전,"1,825",0.0,1개
포항,당근/무세척,당일,"2,895",1일전,"2,895",0.0,1kg
포항,열무/열무,당일,"3,550",1일전,"3,550",0.0,1kg
포항,건고추/화건,당일,"15,600",1일전,"15,600",0.0,600g
포항,풋고추/풋고추,당일,"2,330",1일전,"2,330",0.0,100g
포항,풋고추/꽈리고추,당일,"1,380",1일전,"1,360",1.5,100g
포항,풋고추/청양고추,당일,780,1일전,780,0.0,100g
포항,붉은고추/붉은고추,당일,"2,110",1일전,"2,095",0.7,100g
포항,깐마늘(국산)/깐마늘(국산),당일,"12,065",1일전,"12,065",0.0,1kg
포항,양파/양파,당일,"1,780",1일전,"1,780",0.0,1kg
포항,파/대파,당일,"2,825",1일전,"2,825",0.0,1kg
포항,파/쪽파,당일,"3,770",1일전,"3,770",0.0,1kg
포항,생강/국산,당일,"6,000",1일전,"6,000",0.0,1kg
포항,고춧가루/국산,당일,"27,300",1일전,"27,900",2.2,1kg
포항,고춧가루/중국,당일,"11,300",1일전,"11,300",0.0,1kg
포항,깻잎/깻잎,당일,"2,000",1일전,"1,955",2.3,100g
포항,피망/청,당일,"1,110",1일전,"1,095",1.4,100g
포항,파프리카/파프리카,당일,"1,525",1일전,"1,525",0.0,200g
포항,멜론/멜론,당일,"12,900",1일전,"12,900",0.0,1개
포항,방울토마토/방울토마토,당일,"11,990",1일전,"11,990",0.0,1kg
포항,방울토마토/대추방울토마토,당일,"8,715",1일전,"8,715",0.0,1kg
포항,참깨/백색(국산),당일,"13,500",1일전,"13,500",0.0,500g
포항,땅콩/국산,당일,"2,705",1일전,"2,705",0.0,100g
포항,느타리버섯/느타리버섯,당일,900,1일전,900,0.0,100g
포항,느타리버섯/애느타리버섯,당일,515,1일전,515,0.0,100g
포항,팽이버섯/팽이버섯,당일,520,1일전,520,0.0,150g
포항,새송이버섯/새송이버섯,당일,400,1일전,400,0.0,100g
포항,사과/후지,당일,"20,000",1일전,"20,000",0.0,10개
포항,배/신고,당일,"39,835",1일전,"39,835",0.0,10개
포항,포도/레드글로브 페루,당일,"9,990",1일전,"9,990",0.0,1kg
포항,참다래/국산,당일,"8,880",1일전,"8,880",0.0,10개
포항,파인애플/수입,당일,"6,500",1일전,"6,500",0.0,1개
포항,오렌지/네이블 미국,당일,"12,450",1일전,"12,450",0.0,10개
포항,레몬/수입,당일,"9,900",1일전,"9,900",0.0,10개
포항,쇠고기/한우등심,당일,"10,365",1일전,"10,365",0.0,100g
포항,쇠고기/한우설도,당일,"4,430",1일전,"4,430",0.0,100g
포항,쇠고기/한우양지,당일,"6,530",1일전,"6,530",0.0,100g
포항,쇠고기/한우안심,당일,"16,000",1일전,"16,000",0.0,100g
포항,쇠고기/미국산갈비살,당일,"4,450",1일전,"4,450",0.0,100g
포항,쇠고기/호주산갈비,당일,"3,680",1일전,[],[],100g
포항,우유/우유,당일,"2,710",1일전,"2,710",0.0,1리터
포항,건미역/건미역,당일,"2,760",1일전,"2,760",0.0,100g
포항,새우젓/새우젓,당일,"15,000",1일전,"15,000",0.0,1kg
포항,멸치액젓/멸치액젓,당일,"5,725",1일전,"5,725",0.0,1kg
포항,굵은소금/굵은소금,당일,"11,575",1일전,"11,575",0.0,5kg
포항,콩나물/풀무원 국산콩 콩나물 340g,당일,"2,600",1일전,"2,600",0.0,1봉
포항,맛김(조미김)/동원에프앤비 양반 들기름김 5g×20봉,당일,"7,980",1일전,"7,980",0.0,1묶음
포항,간장/샘표 양조간장 501 1.8L,당일,"13,660",1일전,"13,660",0.0,1개
포항,된장/청정원 재래식 생된장 1kg,당일,"8,100",1일전,"8,100",0.0,1개
포항,고추장/해찬들 우리쌀로만든 태양초고추장 1kg,당일,"18,000",1일전,"18,000",0.0,1개
포항,김치/대상 종가집 포기김치 3.3kg,당일,"28,800",1일전,"28,800",0.0,1개
포항,즉석밥/CJ 햇반 백미밥 210g×8개,당일,"9,990",1일전,"9,990",0.0,1묶음
포항,두부/풀무원 국산콩 300g×2,당일,"5,480",1일전,"5,480",0.0,1개
제주,쌀/일반계,당일,"55,450",1일전,"55,450",0.0,20kg
제주,찹쌀/일반계,당일,"5,570",1일전,"5,570",0.0,1kg
제주,콩/흰 콩(국산),당일,"4,510",1일전,"4,510",0.0,500g
제주,팥/붉은 팥(국산),당일,"7,260",1일전,"7,260",0.0,500g
제주,녹두/국산,당일,"7,610",1일전,"7,610",0.0,500g
제주,고구마/밤,당일,"5,490",1일전,"5,245",4.7,1kg
제주,배추/월동,당일,"4,860",1일전,"4,860",0.0,1포기
제주,양배추/양배추,당일,"2,660",1일전,"2,660",0.0,1포기
제주,시금치/시금치,당일,"5,000",1일전,"5,000",0.0,1kg
제주,상추/적,당일,750,1일전,750,0.0,100g
제주,상추/청,당일,790,1일전,550,43.6,100g
제주,얼갈이배추/얼갈이배추,당일,"2,450",1일전,"2,450",0.0,1kg
제주,수박/수박,당일,"24,300",1일전,"24,300",0.0,1개
제주,참외/참외,당일,"29,750",1일전,"29,750",0.0,10개
제주,오이/가시계통,당일,"16,225",1일전,"13,725",18.2,10개
제주,오이/다다기계통,당일,"10,380",1일전,"10,380",0.0,10개
제주,오이/취청,당일,"13,700",1일전,"12,450",10.0,10개
제주,호박/애호박,당일,"1,990",1일전,"1,840",8.2,1개
제주,호박/쥬키니,당일,"1,740",1일전,"1,740",0.0,1개
제주,토마토/토마토,당일,"5,705",1일전,"6,125",6.9,1kg
제주,딸기/딸기,당일,"1,190",1일전,"1,190",0.0,100g
제주,무/월동,당일,"1,570",1일전,"1,505",4.3,1개
제주,당근/무세척,당일,"2,000",1일전,"2,300",13.0,1kg
제주,열무/열무,당일,"4,400",1일전,"3,770",16.7,1kg
제주,건고추/화건,당일,"18,300",1일전,"18,300",0.0,600g
제주,건고추/양건,당일,"18,000",1일전,"18,000",0.0,600g
제주,풋고추/풋고추,당일,"1,410",1일전,"1,140",23.7,100g
제주,풋고추/꽈리고추,당일,"1,060",1일전,"1,060",0.0,100g
제주,풋고추/청양고추,당일,890,1일전,760,17.1,100g
제주,붉은고추/붉은고추,당일,"2,125",1일전,"2,125",0.0,100g
제주,깐마늘(국산)/깐마늘(국산),당일,"12,615",1일전,"10,130",24.5,1kg
제주,양파/양파,당일,"1,795",1일전,"1,660",8.1,1kg
제주,파/대파,당일,"2,920",1일전,"2,920",0.0,1kg
제주,생강/국산,당일,"9,165",1일전,"9,165",0.0,1kg
제주,고춧가루/국산,당일,"36,650",1일전,"36,650",0.0,1kg
제주,고춧가루/중국,당일,"13,300",1일전,"13,300",0.0,1kg
제주,미나리/미나리,당일,"1,000",1일전,"1,000",0.0,100g
제주,깻잎/깻잎,당일,"2,885",1일전,"2,885",0.0,100g
제주,피망/청,당일,"1,145",1일전,"1,145",0.0,100g
제주,파프리카/파프리카,당일,"1,830",1일전,"1,830",0.0,200g
제주,멜론/멜론,당일,"16,800",1일전,"16,800",0.0,1개
제주,방울토마토/방울토마토,당일,"9,830",1일전,"8,900",10.5,1kg
제주,방울토마토/대추방울토마토,당일,"8,765",1일전,"8,765",0.0,1kg
제주,참깨/백색(국산),당일,"16,200",1일전,"16,200",0.0,500g
제주,땅콩/국산,당일,"3,330",1일전,"3,330",0.0,100g
제주,느타리버섯/느타리버섯,당일,"1,445",1일전,"1,445",0.0,100g
제주,팽이버섯/팽이버섯,당일,550,1일전,550,0.0,150g
제주,새송이버섯/새송이버섯,당일,540,1일전,540,0.0,100g
제주,사과/후지,당일,"30,000",1일전,"30,000",0.0,10개
제주,배/신고,당일,"40,550",1일전,"40,550",0.0,10개
제주,포도/레드글로브 페루,당일,"7,210",1일전,"7,210",0.0,1kg
제주,바나나/수입,당일,290,1일전,290,0.0,100g
제주,참다래/국산,당일,"9,820",1일전,"9,820",0.0,10개
제주,파인애플/수입,당일,"6,660",1일전,"6,660",0.0,1개
제주,레몬/수입,당일,"9,900",1일전,"9,900",0.0,10개
제주,망고/수입,당일,"4,990",1일전,"5,990",16.7,1개
제주,쇠고기/한우등심,당일,"11,580",1일전,[],[],100g
제주,쇠고기/한우설도,당일,"5,880",1일전,[],[],100g
제주,쇠고기/한우양지,당일,"8,880",1일전,[],[],100g
제주,쇠고기/호주산갈비,당일,"3,480",1일전,"3,180",9.4,100g
제주,우유/우유,당일,"2,710",1일전,"2,710",0.0,1리터
제주,건미역/건미역,당일,"2,190",1일전,"2,190",0.0,100g
제주,굴/굴,당일,"18,600",1일전,"18,600",0.0,1kg
제주,새우젓/새우젓,당일,"19,900",1일전,"19,900",0.0,1kg
제주,멸치액젓/멸치액젓,당일,"5,475",1일전,"5,475",0.0,1kg
제주,굵은소금/굵은소금,당일,"8,010",1일전,"8,010",0.0,5kg
제주,된장/청정원 재래식 생된장 1kg,당일,"8,100",1일전,"8,100",0.0,1개
제주,간장/샘표 양조간장 501 1.8L,당일,"13,660",1일전,"13,660",0.0,1개
제주,맛김(조미김)/동원에프앤비 양반 들기름김 5g×20봉,당일,"7,980",1일전,"7,980",0.0,1묶음
제주,콩나물/풀무원 국산콩 콩나물 340g,당일,"2,600",1일전,"2,600",0.0,1봉
제주,김치/대상 종가집 포기김치 3.3kg,당일,"28,800",1일전,"28,800",0.0,1개
제주,두부/풀무원 국산콩 300g×2,당일,"5,480",1일전,"5,480",0.0,1개
제주,즉석밥/CJ 햇반 백미밥 210g×8개,당일,"9,900",1일전,"9,900",0.0,1묶음
제주,고추장/해찬들 우리쌀로만든 태양초고추장 1kg,당일,"18,000",1일전,"18,000",0.0,1개
순천,쌀/일반계,당일,"52,250",1일전,"52,250",0.0,20kg
순천,찹쌀/일반계,당일,"3,330",1일전,"3,330",0.0,1kg
순천,콩/흰 콩(국산),당일,"5,720",1일전,"5,720",0.0,500g
순천,팥/붉은 팥(국산),당일,"8,495",1일전,"8,495",0.0,500g
순천,고구마/밤,당일,"4,750",1일전,"4,750",0.0,1kg
순천,감자/수미,당일,525,1일전,525,0.0,100g
순천,배추/월동,당일,"4,160",1일전,"4,160",0.0,1포기
순천,양배추/양배추,당일,"3,830",1일전,"3,830",0.0,1포기
순천,시금치/시금치,당일,"11,860",1일전,"11,860",0.0,1kg
순천,상추/적,당일,750,1일전,715,4.9,100g
순천,상추/청,당일,970,1일전,935,3.7,100g
순천,얼갈이배추/얼갈이배추,당일,"3,390",1일전,"3,425",1.0,1kg
순천,수박/수박,당일,"25,000",1일전,"25,000",0.0,1개
순천,참외/참외,당일,"35,390",1일전,"33,990",4.1,10개
순천,오이/다다기계통,당일,"9,180",1일전,"9,180",0.0,10개
순천,오이/취청,당일,"14,535",1일전,"14,535",0.0,10개
순천,호박/애호박,당일,"1,860",1일전,"1,745",6.6,1개
순천,호박/쥬키니,당일,"2,245",1일전,"2,245",0.0,1개
순천,토마토/토마토,당일,"6,120",1일전,"6,120",0.0,1kg
순천,딸기/딸기,당일,"1,330",1일전,"1,430",7.0,100g
순천,무/월동,당일,"1,660",1일전,"1,500",10.7,1개
순천,당근/무세척,당일,"3,000",1일전,"3,000",0.0,1kg
순천,열무/열무,당일,"4,020",1일전,"3,935",2.2,1kg
순천,건고추/화건,당일,"11,300",1일전,"11,300",0.0,600g
순천,건고추/양건,당일,"14,000",1일전,"14,000",0.0,600g
순천,풋고추/풋고추,당일,"1,130",1일전,"1,130",0.0,100g
순천,풋고추/꽈리고추,당일,"1,295",1일전,"1,295",0.0,100g
순천,풋고추/청양고추,당일,995,1일전,995,0.0,100g
순천,붉은고추/붉은고추,당일,"2,360",1일전,"2,360",0.0,100g
순천,깐마늘(국산)/깐마늘(국산),당일,"12,815",1일전,"12,815",0.0,1kg
순천,양파/양파,당일,"1,830",1일전,"1,830",0.0,1kg
순천,파/대파,당일,"2,780",1일전,"2,780",0.0,1kg
순천,파/쪽파,당일,"2,970",1일전,"2,970",0.0,1kg
순천,생강/국산,당일,"7,300",1일전,"7,300",0.0,1kg
순천,고춧가루/국산,당일,"28,200",1일전,"28,200",0.0,1kg
순천,고춧가루/중국,당일,"11,000",1일전,"11,000",0.0,1kg
순천,미나리/미나리,당일,670,1일전,610,9.8,100g
순천,깻잎/깻잎,당일,"2,650",1일전,"2,625",1.0,100g
순천,피망/청,당일,"1,130",1일전,"1,130",0.0,100g
순천,파프리카/파프리카,당일,"2,060",1일전,"2,060",0.0,200g
순천,멜론/멜론,당일,"13,990",1일전,"13,990",0.0,1개
순천,방울토마토/방울토마토,당일,"9,920",1일전,"9,920",0.0,1kg
순천,방울토마토/대추방울토마토,당일,"9,125",1일전,"9,125",0.0,1kg
순천,땅콩/국산,당일,"2,500",1일전,"2,500",0.0,100g
순천,느타리버섯/느타리버섯,당일,630,1일전,600,5.0,100g
순천,느타리버섯/애느타리버섯,당일,600,1일전,600,0.0,100g
순천,팽이버섯/팽이버섯,당일,570,1일전,570,0.0,150g
순천,새송이버섯/새송이버섯,당일,565,1일전,570,0.9,100g
순천,사과/후지,당일,"23,250",1일전,"23,250",0.0,10개
순천,배/신고,당일,"34,240",1일전,"34,240",0.0,10개
순천,포도/레드글로브 페루,당일,"7,770",1일전,"7,770",0.0,1kg
순천,바나나/수입,당일,310,1일전,310,0.0,100g
순천,참다래/국산,당일,"5,290",1일전,"5,000",5.8,10개
순천,파인애플/수입,당일,"6,660",1일전,"6,660",0.0,1개
순천,오렌지/네이블 미국,당일,"12,000",1일전,"12,000",0.0,10개
순천,레몬/수입,당일,"13,900",1일전,"13,900",0.0,10개
순천,망고/수입,당일,"4,495",1일전,"4,495",0.0,1개
순천,쇠고기/미국산갈비살,당일,"2,590",1일전,"2,590",0.0,100g
순천,우유/우유,당일,"2,710",1일전,"2,710",0.0,1리터
순천,건미역/건미역,당일,"3,495",1일전,"3,495",0.0,100g
순천,새우젓/새우젓,당일,"16,590",1일전,"16,590",0.0,1kg
순천,멸치액젓/멸치액젓,당일,"5,335",1일전,"5,335",0.0,1kg
순천,굵은소금/굵은소금,당일,"8,120",1일전,"8,120",0.0,5kg
순천,콩나물/풀무원 국산콩 콩나물 340g,당일,"2,600",1일전,"2,600",0.0,1봉
순천,맛김(조미김)/동원에프앤비 양반 들기름김 5g×20봉,당일,"7,990",1일전,"7,990",0.0,1묶음
순천,간장/샘표 양조간장 501 1.8L,당일,"13,660",1일전,"13,660",0.0,1개
순천,된장/청정원 재래식 생된장 1kg,당일,"8,100",1일전,"8,100",0.0,1개
순천,고추장/해찬들 우리쌀로만든 태양초고추장 1kg,당일,"9,000",1일전,"9,000",0.0,1개
순천,김치/대상 종가집 포기김치 3.3kg,당일,"28,800",1일전,"28,800",0.0,1개
순천,즉석밥/CJ 햇반 백미밥 210g×8개,당일,"9,900",1일전,"9,900",0.0,1묶음
순천,두부/풀무원 국산콩 300g×2,당일,"5,490",1일전,"5,490",0.0,1개
안동,쌀/일반계,당일,"50,900",1일전,"50,900",0.0,20kg
안동,찹쌀/일반계,당일,"6,980",1일전,"6,980",0.0,1kg
안동,콩/흰 콩(국산),당일,"5,980",1일전,"5,980",0.0,500g
안동,팥/붉은 팥(국산),당일,"7,980",1일전,"7,980",0.0,500g
안동,고구마/밤,당일,"5,980",1일전,"5,980",0.0,1kg
안동,감자/수미,당일,600,1일전,600,0.0,100g
안동,상추/적,당일,840,1일전,840,0.0,100g
안동,얼갈이배추/얼갈이배추,당일,"2,680",1일전,"2,680",0.0,1kg
안동,수박/수박,당일,"25,900",1일전,"25,900",0.0,1개
안동,참외/참외,당일,"29,750",1일전,"29,750",0.0,10개
안동,오이/가시계통,당일,"17,450",1일전,"17,450",0.0,10개
안동,오이/다다기계통,당일,"9,960",1일전,"9,960",0.0,10개
안동,호박/애호박,당일,"1,980",1일전,"1,980",0.0,1개
안동,호박/쥬키니,당일,"1,980",1일전,"1,980",0.0,1개
안동,토마토/토마토,당일,"6,580",1일전,"6,580",0.0,1kg
안동,딸기/딸기,당일,830,1일전,830,0.0,100g
안동,무/월동,당일,"1,350",1일전,"1,350",0.0,1개
안동,당근/무세척,당일,"2,780",1일전,"2,780",0.0,1kg
안동,열무/열무,당일,"3,520",1일전,"3,520",0.0,1kg
안동,풋고추/풋고추,당일,"1,990",1일전,"1,990",0.0,100g
안동,풋고추/꽈리고추,당일,"1,320",1일전,"1,320",0.0,100g
안동,풋고추/청양고추,당일,"1,050",1일전,"1,050",0.0,100g
안동,붉은고추/붉은고추,당일,"2,650",1일전,"2,650",0.0,100g
안동,깐마늘(국산)/깐마늘(국산),당일,"14,930",1일전,"14,930",0.0,1kg
안동,양파/양파,당일,"1,930",1일전,"1,930",0.0,1kg
안동,파/대파,당일,"3,510",1일전,"3,510",0.0,1kg
안동,생강/국산,당일,"10,670",1일전,"10,670",0.0,1kg
안동,고춧가루/국산,당일,"35,880",1일전,"35,880",0.0,1kg
안동,고춧가루/중국,당일,"12,800",1일전,"12,800",0.0,1kg
안동,깻잎/깻잎,당일,"2,480",1일전,"2,480",0.0,100g
안동,피망/청,당일,"1,490",1일전,"1,490",0.0,100g
안동,파프리카/파프리카,당일,"1,660",1일전,"1,660",0.0,200g
안동,멜론/멜론,당일,"15,800",1일전,"15,800",0.0,1개
안동,방울토마토/방울토마토,당일,"9,830",1일전,"9,830",0.0,1kg
안동,방울토마토/대추방울토마토,당일,"10,530",1일전,"10,530",0.0,1kg
안동,땅콩/국산,당일,"3,600",1일전,"3,600",0.0,100g
안동,팽이버섯/팽이버섯,당일,590,1일전,590,0.0,150g
안동,새송이버섯/새송이버섯,당일,580,1일전,580,0.0,100g
안동,배/신고,당일,"49,500",1일전,"49,500",0.0,10개
안동,포도/레드글로브 페루,당일,"7,210",1일전,"7,210",0.0,1kg
안동,바나나/수입,당일,340,1일전,370,8.1,100g
안동,참다래/국산,당일,"9,000",1일전,"9,000",0.0,10개
안동,파인애플/수입,당일,"5,980",1일전,"5,980",0.0,1개
안동,오렌지/네이블 미국,당일,"13,000",1일전,"13,000",0.0,10개
안동,레몬/수입,당일,"9,800",1일전,"9,800",0.0,10개
안동,망고/수입,당일,"4,990",1일전,"4,990",0.0,1개
안동,쇠고기/한우등심,당일,"11,580",1일전,"11,580",0.0,100g
안동,쇠고기/한우양지,당일,"7,380",1일전,"7,380",0.0,100g
안동,쇠고기/한우안심,당일,"16,880",1일전,"16,880",0.0,100g
안동,쇠고기/호주산갈비,당일,"3,480",1일전,"3,480",0.0,100g
안동,우유/우유,당일,"2,710",1일전,"2,710",0.0,1리터
안동,건미역/건미역,당일,"2,490",1일전,"2,490",0.0,100g
안동,새우젓/새우젓,당일,"25,800",1일전,"25,800",0.0,1kg
안동,멸치액젓/멸치액젓,당일,"5,330",1일전,"5,330",0.0,1kg
안동,굵은소금/굵은소금,당일,"11,760",1일전,"11,760",0.0,5kg
안동,콩나물/풀무원 국산콩 콩나물 340g,당일,"2,600",1일전,"2,600",0.0,1봉
안동,맛김(조미김)/동원에프앤비 양반 들기름김 5g×20봉,당일,"7,980",1일전,"7,980",0.0,1묶음
안동,간장/샘표 양조간장 501 1.8L,당일,"13,660",1일전,"13,660",0.0,1개
안동,고추장/해찬들 우리쌀로만든 태양초고추장 1kg,당일,"18,000",1일전,"18,000",0.0,1개
안동,김치/대상 종가집 포기김치 3.3kg,당일,"28,800",1일전,"28,800",0.0,1개
안동,두부/풀무원 국산콩 300g×2,당일,"5,480",1일전,"5,480",0.0,1개
안동,즉석밥/CJ 햇반 백미밥 210g×8개,당일,"9,900",1일전,"9,900",0.0,1묶음
안동,된장/청정원 재래식 생된장 1kg,당일,"8,100",1일전,"8,100",0.0,1개
창원,쌀/일반계,당일,"53,250",1일전,"53,250",0.0,20kg
창원,찹쌀/일반계,당일,"5,780",1일전,"5,780",0.0,1kg
창원,콩/흰 콩(국산),당일,"5,190",1일전,"5,190",0.0,500g
창원,팥/붉은 팥(국산),당일,"7,495",1일전,"7,495",0.0,500g
창원,고구마/밤,당일,"5,240",1일전,"5,240",0.0,1kg
창원,감자/수미,당일,454,1일전,454,0.0,100g
창원,배추/월동,당일,"4,400",1일전,"4,250",3.5,1포기
창원,양배추/양배추,당일,"4,000",1일전,"4,000",0.0,1포기
창원,시금치/시금치,당일,"4,660",1일전,"4,660",0.0,1kg
창원,상추/적,당일,730,1일전,630,15.9,100g
창원,얼갈이배추/얼갈이배추,당일,"2,680",1일전,"2,680",0.0,1kg
창원,참외/참외,당일,"27,375",1일전,"27,375",0.0,10개
창원,오이/가시계통,당일,"15,225",1일전,"15,225",0.0,10개
창원,오이/다다기계통,당일,"10,630",1일전,"10,480",1.4,10개
창원,호박/애호박,당일,"1,805",1일전,"1,805",0.0,1개
창원,호박/쥬키니,당일,"1,810",1일전,"1,800",0.6,1개
창원,토마토/토마토,당일,"6,120",1일전,"6,120",0.0,1kg
창원,딸기/딸기,당일,"1,015",1일전,"1,045",2.9,100g
창원,무/월동,당일,"1,675",1일전,"1,675",0.0,1개
창원,당근/무세척,당일,"2,820",1일전,"2,805",0.5,1kg
창원,열무/열무,당일,"3,520",1일전,"3,520",0.0,1kg
창원,건고추/화건,당일,"15,600",1일전,"15,600",0.0,600g
창원,풋고추/풋고추,당일,"1,720",1일전,"1,720",0.0,100g
창원,풋고추/꽈리고추,당일,"1,125",1일전,"1,125",0.0,100g
창원,풋고추/청양고추,당일,840,1일전,840,0.0,100g
창원,붉은고추/붉은고추,당일,"2,190",1일전,"2,190",0.0,100g
창원,깐마늘(국산)/깐마늘(국산),당일,"12,195",1일전,"12,195",0.0,1kg
창원,양파/양파,당일,"1,960",1일전,"1,960",0.0,1kg
창원,파/대파,당일,"3,130",1일전,"3,130",0.0,1kg
창원,파/쪽파,당일,"4,500",1일전,"4,500",0.0,1kg
창원,생강/국산,당일,"8,500",1일전,"8,500",0.0,1kg
창원,고춧가루/국산,당일,"28,130",1일전,"28,130",0.0,1kg
창원,고춧가루/중국,당일,"12,550",1일전,"12,550",0.0,1kg
창원,깻잎/깻잎,당일,"2,185",1일전,"2,075",5.3,100g
창원,피망/청,당일,"1,170",1일전,"1,170",0.0,100g
창원,파프리카/파프리카,당일,"1,630",1일전,"1,630",0.0,200g
창원,멜론/멜론,당일,"13,150",1일전,"13,150",0.0,1개
창원,방울토마토/방울토마토,당일,"9,830",1일전,"9,830",0.0,1kg
창원,방울토마토/대추방울토마토,당일,"9,765",1일전,"9,765",0.0,1kg
창원,참깨/백색(국산),당일,"17,300",1일전,"16,200",6.8,500g
창원,땅콩/국산,당일,"3,600",1일전,"3,600",0.0,100g
창원,느타리버섯/애느타리버섯,당일,510,1일전,470,8.5,100g
창원,팽이버섯/팽이버섯,당일,595,1일전,595,0.0,150g
창원,새송이버섯/새송이버섯,당일,555,1일전,555,0.0,100g
창원,사과/후지,당일,"25,000",1일전,"25,000",0.0,10개
창원,배/신고,당일,"41,000",1일전,"41,000",0.0,10개
창원,포도/레드글로브 페루,당일,"7,210",1일전,"7,210",0.0,1kg
창원,바나나/수입,당일,370,1일전,370,0.0,100g
창원,참다래/국산,당일,"9,000",1일전,"9,000",0.0,10개
창원,파인애플/수입,당일,"6,490",1일전,"6,490",0.0,1개
창원,오렌지/네이블 미국,당일,"11,800",1일전,"11,800",0.0,10개
창원,레몬/수입,당일,"9,800",1일전,"9,800",0.0,10개
창원,망고/수입,당일,"3,980",1일전,"3,980",0.0,1개
창원,쇠고기/한우등심,당일,"11,580",1일전,[],[],100g
창원,쇠고기/한우설도,당일,"5,880",1일전,"5,880",0.0,100g
창원,쇠고기/한우양지,당일,"7,380",1일전,"7,380",0.0,100g
창원,쇠고기/호주산갈비,당일,"3,480",1일전,"3,480",0.0,100g
창원,우유/우유,당일,"2,710",1일전,"2,710",0.0,1리터
창원,건미역/건미역,당일,"2,070",1일전,"2,070",0.0,100g
창원,굴/굴,당일,"12,500",1일전,"12,500",0.0,1kg
창원,새우젓/새우젓,당일,"19,900",1일전,"19,900",0.0,1kg
창원,멸치액젓/멸치액젓,당일,"5,035",1일전,"5,035",0.0,1kg
창원,굵은소금/굵은소금,당일,"10,210",1일전,"10,210",0.0,5kg
창원,콩나물/풀무원 국산콩 콩나물 340g,당일,"2,600",1일전,"2,600",0.0,1봉
창원,맛김(조미김)/동원에프앤비 양반 들기름김 5g×20봉,당일,"7,980",1일전,"7,980",0.0,1묶음
창원,간장/샘표 양조간장 501 1.8L,당일,"13,660",1일전,"13,660",0.0,1개
창원,된장/청정원 재래식 생된장 1kg,당일,"8,100",1일전,"8,100",0.0,1개
창원,고추장/해찬들 우리쌀로만든 태양초고추장 1kg,당일,"18,000",1일전,"18,000",0.0,1개
창원,김치/대상 종가집 포기김치 3.3kg,당일,"28,800",1일전,"28,800",0.0,1개
창원,즉석밥/CJ 햇반 백미밥 210g×8개,당일,"9,900",1일전,"9,900",0.0,1묶음
창원,두부/풀무원 국산콩 300g×2,당일,"5,480",1일전,"5,480",0.0,1개
